Pole Id,Pole Type,Age In Years,Zone,Probability Of Failure,Consequence Of Failure Usd ($)
1,wood,59,rural,0.41,58846.00
2,wood,31,urban,0.14,35090.00
3,wood,58,urban,0.39,50826.00
4,steel,48,urban,0.21,27959.00
5,wood,15,urban,0.06,21690.00
6,wood,54,remote,0.33,28794.00
7,wood,47,urban,0.25,36684.00
8,wood,45,urban,0.23,40851.00
9,wood,40,remote,0.19,20173.00
10,wood,59,urban,0.41,32737.00
11,wood,33,remote,0.15,18250.00
12,steel,2,urban,0.01,13691.00
13,wood,17,urban,0.07,30669.00
14,wood,16,urban,0.07,23765.00
15,wood,32,urban,0.14,27284.00
16,steel,46,urban,0.20,29438.00
17,concrete,56,remote,0.24,28310.00
18,wood,22,urban,0.10,21910.00
19,wood,12,urban,0.05,11980.00
20,wood,50,urban,0.28,28378.00
21,steel,26,urban,0.11,16955.00
22,concrete,42,rural,0.18,45658.00
23,wood,57,urban,0.38,38427.00
24,wood,16,urban,0.07,12381.00
25,wood,7,remote,0.03,5978.00
26,wood,47,urban,0.25,32589.00
27,steel,10,urban,0.04,20523.00
28,wood,30,urban,0.13,39064.00
29,wood,9,rural,0.04,32084.00
30,wood,27,urban,0.12,19462.00
31,steel,46,urban,0.20,39969.00
32,wood,52,rural,0.30,50531.00
33,wood,17,rural,0.07,35459.00
34,wood,37,rural,0.17,43497.00
35,wood,19,urban,0.08,32520.00
36,steel,12,urban,0.05,20643.00
37,steel,1,urban,0.01,6830.00
38,steel,30,urban,0.13,37629.00
39,wood,8,rural,0.04,29209.00
40,steel,45,urban,0.19,25483.00
41,wood,35,urban,0.15,22428.00
42,wood,34,urban,0.15,28801.00
43,wood,38,urban,0.17,32179.00
44,wood,56,urban,0.36,42431.00
45,wood,22,urban,0.09,27457.00
46,wood,49,rural,0.27,54503.00
47,steel,7,urban,0.03,6938.00
48,wood,18,urban,0.08,17975.00
49,concrete,54,urban,0.23,47875.00
50,steel,18,rural,0.07,38704.00
51,wood,36,urban,0.16,33597.00
52,wood,39,rural,0.18,43873.00
53,steel,15,rural,0.06,36344.00
54,wood,9,urban,0.04,23161.00
55,concrete,45,remote,0.19,25116.00
56,wood,34,urban,0.15,25426.00
57,wood,59,urban,0.41,38036.00
58,steel,19,remote,0.08,10615.00
59,wood,56,urban,0.36,50502.00
60,steel,14,urban,0.06,26941.00
61,wood,5,urban,0.02,14510.00
62,wood,34,urban,0.15,22199.00
63,wood,12,remote,0.05,7065.00
64,steel,32,urban,0.13,24994.00
65,steel,33,remote,0.14,17511.00
66,concrete,1,urban,0.01,6784.00
67,steel,44,rural,0.19,48510.00
68,wood,52,urban,0.31,48757.00
69,concrete,51,urban,0.21,38905.00
70,wood,31,urban,0.13,31742.00
71,wood,27,urban,0.12,17512.00
72,steel,11,urban,0.04,24994.00
73,wood,45,urban,0.23,35890.00
74,wood,20,urban,0.08,20647.00
75,wood,33,urban,0.15,26932.00
76,wood,34,urban,0.15,26534.00
77,concrete,22,urban,0.09,14260.00
78,wood,37,urban,0.17,35580.00
79,wood,25,urban,0.10,23033.00
80,wood,25,remote,0.11,14614.00
81,wood,34,rural,0.15,41255.00
82,wood,0,rural,0.00,29041.00
83,wood,57,urban,0.38,47325.00
84,concrete,16,urban,0.07,27708.00
85,concrete,38,urban,0.16,36462.00
86,concrete,54,urban,0.23,43216.00
87,steel,8,urban,0.03,16861.00
88,wood,41,urban,0.20,43134.00
89,wood,6,rural,0.03,27388.00
90,wood,20,urban,0.08,18408.00
91,wood,1,rural,0.00,29115.00
92,wood,30,rural,0.13,44903.00
93,steel,43,urban,0.18,42870.00
94,wood,36,urban,0.16,37869.00
95,wood,33,urban,0.15,27163.00
96,wood,49,urban,0.27,45713.00
97,steel,10,urban,0.04,15271.00
98,wood,52,remote,0.30,27870.00
99,concrete,29,urban,0.12,26966.00
100,steel,27,rural,0.11,41391.00
101,steel,31,remote,0.13,17737.00
102,steel,37,urban,0.16,34666.00
103,wood,19,remote,0.08,9820.00
104,wood,40,rural,0.19,47425.00
105,wood,31,remote,0.13,17831.00
106,steel,9,urban,0.04,25527.00
107,wood,42,rural,0.20,47356.00
108,wood,16,urban,0.07,28739.00
109,steel,48,urban,0.21,42103.00
110,steel,28,urban,0.12,21011.00
111,wood,20,urban,0.09,31625.00
112,wood,26,urban,0.11,27763.00
113,steel,10,urban,0.04,8819.00
114,wood,59,urban,0.41,48875.00
115,wood,47,remote,0.25,25687.00
116,wood,57,rural,0.38,53560.00
117,wood,44,urban,0.22,39280.00
118,wood,30,rural,0.13,42730.00
119,wood,27,urban,0.12,18623.00
120,steel,22,urban,0.09,21937.00
121,wood,56,rural,0.36,57461.00
122,concrete,52,rural,0.22,55086.00
123,wood,52,urban,0.31,36253.00
124,concrete,37,urban,0.15,37905.00
125,wood,17,urban,0.07,18955.00
126,wood,16,urban,0.07,16160.00
127,wood,4,rural,0.02,27058.00
128,wood,5,urban,0.02,12313.00
129,steel,50,urban,0.22,45213.00
130,wood,18,urban,0.07,15679.00
131,concrete,4,urban,0.01,14079.00
132,wood,59,urban,0.41,50221.00
133,wood,23,rural,0.10,41354.00
134,wood,30,urban,0.13,33210.00
135,wood,52,urban,0.30,36321.00
136,wood,11,urban,0.05,27983.00
137,concrete,29,remote,0.12,14933.00
138,wood,24,urban,0.10,30419.00
139,wood,56,urban,0.36,31124.00
140,concrete,59,rural,0.26,59186.00
141,wood,23,urban,0.10,30189.00
142,wood,45,remote,0.23,23674.00
143,steel,58,urban,0.27,37220.00
144,wood,38,rural,0.18,48523.00
145,steel,57,urban,0.27,31690.00
146,concrete,35,rural,0.15,45301.00
147,steel,36,rural,0.15,46639.00
148,concrete,23,urban,0.09,22012.00
149,wood,32,urban,0.14,35180.00
150,steel,54,urban,0.24,49282.00
151,wood,59,urban,0.41,40588.00
152,wood,34,urban,0.15,38360.00
153,wood,40,urban,0.19,42760.00
154,steel,13,rural,0.06,34319.00
155,wood,59,urban,0.41,46830.00
156,steel,33,remote,0.14,16722.00
157,wood,36,urban,0.17,28877.00
158,wood,10,rural,0.04,32918.00
159,wood,11,urban,0.05,13095.00
160,concrete,58,urban,0.25,42031.00
161,concrete,1,rural,0.00,28112.00
162,wood,12,urban,0.05,25707.00
163,wood,47,remote,0.25,25127.00
164,wood,3,urban,0.01,24301.00
165,concrete,41,urban,0.17,41445.00
166,wood,3,urban,0.01,24332.00
167,wood,10,urban,0.04,9471.00
168,wood,27,urban,0.11,18332.00
169,wood,7,urban,0.03,12658.00
170,steel,10,rural,0.04,31644.00
171,wood,7,urban,0.03,21812.00
172,steel,41,urban,0.17,34712.00
173,wood,34,urban,0.15,21452.00
174,wood,56,rural,0.36,56591.00
175,steel,11,urban,0.05,15209.00
176,wood,31,rural,0.14,44217.00
177,wood,39,rural,0.18,44242.00
178,wood,28,urban,0.12,35912.00
179,wood,45,urban,0.23,43707.00
180,steel,26,rural,0.11,41972.00
181,wood,38,remote,0.18,21772.00
182,wood,22,urban,0.09,22292.00
183,wood,11,rural,0.04,34412.00
184,wood,34,urban,0.15,33917.00
185,wood,36,urban,0.16,23199.00
186,steel,31,urban,0.13,20491.00
187,wood,1,urban,0.01,22854.00
188,wood,10,rural,0.04,34459.00
189,wood,22,remote,0.09,12189.00
190,wood,19,urban,0.08,12536.00
191,wood,55,urban,0.35,43038.00
192,wood,57,urban,0.38,45017.00
193,wood,48,urban,0.26,36773.00
194,wood,7,urban,0.03,24124.00
195,wood,32,urban,0.14,28743.00
196,wood,57,urban,0.37,47743.00
197,steel,30,urban,0.13,23238.00
198,wood,21,urban,0.09,27215.00
199,wood,4,urban,0.02,19079.00
200,concrete,31,urban,0.13,35695.00
201,concrete,16,urban,0.07,30821.00
202,wood,60,rural,0.42,54178.00
203,steel,43,urban,0.18,40952.00
204,steel,44,remote,0.19,24391.00
205,steel,16,urban,0.07,15100.00
206,wood,30,urban,0.13,35263.00
207,wood,40,rural,0.19,47613.00
208,wood,32,rural,0.14,40074.00
209,steel,23,urban,0.10,15819.00
210,concrete,36,urban,0.15,23783.00
211,wood,21,urban,0.09,30877.00
212,wood,3,urban,0.01,6082.00
213,wood,43,urban,0.21,29094.00
214,concrete,43,rural,0.18,50795.00
215,wood,10,urban,0.04,13591.00
216,wood,14,urban,0.06,27714.00
217,concrete,26,urban,0.11,35565.00
218,steel,54,remote,0.24,28810.00
219,wood,27,urban,0.11,36845.00
220,wood,33,urban,0.15,40337.00
221,concrete,7,rural,0.03,31692.00
222,wood,37,urban,0.17,40874.00
223,wood,23,urban,0.10,30385.00
224,concrete,28,urban,0.12,32954.00
225,wood,16,urban,0.07,18136.00
226,wood,57,rural,0.37,57224.00
227,wood,13,urban,0.06,19014.00
228,wood,17,urban,0.07,31765.00
229,wood,6,rural,0.03,30622.00
230,wood,54,urban,0.33,31603.00
231,wood,23,urban,0.10,19630.00
232,wood,24,rural,0.10,41045.00
233,concrete,7,rural,0.03,29847.00
234,steel,17,urban,0.07,16157.00
235,steel,5,urban,0.02,25123.00
236,wood,58,rural,0.39,56811.00
237,wood,38,urban,0.17,35537.00
238,concrete,18,urban,0.07,15830.00
239,wood,8,urban,0.03,9657.00
240,wood,11,remote,0.04,7950.00
241,steel,19,urban,0.08,32844.00
242,wood,33,urban,0.14,22004.00
243,wood,48,rural,0.26,49483.00
244,wood,25,urban,0.10,22494.00
245,wood,38,rural,0.18,44523.00
246,steel,12,remote,0.05,8030.00
247,concrete,18,urban,0.08,23936.00
248,wood,46,urban,0.24,40734.00
249,steel,46,rural,0.20,51383.00
250,wood,36,rural,0.16,45317.00
251,steel,13,remote,0.05,7138.00
252,steel,38,rural,0.16,43311.00
253,wood,39,remote,0.18,22120.00
254,steel,50,urban,0.22,30329.00
255,wood,44,urban,0.22,30896.00
256,wood,53,rural,0.32,53575.00
257,steel,27,urban,0.11,31645.00
258,wood,43,rural,0.21,47264.00
259,wood,40,urban,0.19,43302.00
260,wood,51,urban,0.29,35862.00
261,wood,2,urban,0.01,9666.00
262,wood,15,urban,0.06,11513.00
263,wood,20,remote,0.08,11165.00
264,wood,21,rural,0.09,37012.00
265,wood,17,urban,0.07,19863.00
266,concrete,16,rural,0.07,34057.00
267,concrete,42,urban,0.17,44110.00
268,concrete,20,urban,0.08,23254.00
269,wood,26,urban,0.11,20481.00
270,wood,11,urban,0.04,10631.00
271,wood,27,urban,0.11,20410.00
272,wood,42,remote,0.20,22787.00
273,wood,40,rural,0.19,47498.00
274,wood,37,rural,0.17,47913.00
275,wood,32,urban,0.14,29046.00
276,concrete,21,rural,0.09,35832.00
277,wood,26,urban,0.11,21076.00
278,wood,22,urban,0.09,16568.00
279,concrete,32,rural,0.14,42182.00
280,steel,20,urban,0.08,16407.00
281,wood,9,urban,0.04,23346.00
282,wood,51,urban,0.29,33907.00
283,concrete,39,rural,0.17,47788.00
284,wood,29,rural,0.12,38872.00
285,wood,50,rural,0.28,53774.00
286,concrete,21,urban,0.09,23854.00
287,wood,35,urban,0.15,38854.00
288,wood,5,urban,0.02,15215.00
289,concrete,48,rural,0.20,49662.00
290,steel,42,rural,0.18,46057.00
291,steel,46,urban,0.20,38943.00
292,steel,34,urban,0.14,27441.00
293,steel,36,urban,0.15,26420.00
294,wood,14,urban,0.06,26338.00
295,wood,56,urban,0.36,45925.00
296,wood,15,rural,0.06,34267.00
297,steel,27,urban,0.11,23442.00
298,concrete,56,urban,0.24,45883.00
299,steel,16,urban,0.07,13640.00
300,wood,15,urban,0.06,27830.00
301,wood,19,urban,0.08,26910.00
302,wood,32,rural,0.14,41248.00
303,steel,27,rural,0.11,40380.00
304,steel,17,urban,0.07,21733.00
305,wood,17,urban,0.07,15151.00
306,wood,16,urban,0.07,24272.00
307,wood,2,urban,0.01,9733.00
308,wood,43,urban,0.21,30546.00
309,wood,21,rural,0.09,35979.00
310,wood,13,rural,0.06,36321.00
311,wood,14,urban,0.06,13997.00
312,wood,43,urban,0.21,27401.00
313,wood,20,urban,0.08,20113.00
314,wood,53,urban,0.32,34221.00
315,wood,38,remote,0.17,21244.00
316,steel,24,urban,0.10,20006.00
317,wood,47,rural,0.25,52435.00
318,concrete,12,urban,0.05,25139.00
319,wood,39,rural,0.18,44900.00
320,wood,14,urban,0.06,17172.00
321,steel,1,urban,0.00,5657.00
322,wood,27,urban,0.11,17560.00
323,wood,41,urban,0.20,38964.00
324,wood,7,urban,0.03,20787.00
325,steel,58,remote,0.28,29188.00
326,wood,43,urban,0.21,30449.00
327,wood,31,rural,0.13,45079.00
328,steel,1,rural,0.00,26846.00
329,concrete,34,urban,0.14,33627.00
330,wood,39,rural,0.18,44516.00
331,wood,22,urban,0.09,17278.00
332,steel,56,urban,0.26,43397.00
333,steel,33,urban,0.14,24764.00
334,steel,32,rural,0.13,40122.00
335,wood,14,rural,0.06,35733.00
336,wood,33,remote,0.14,17229.00
337,steel,20,urban,0.08,31043.00
338,wood,58,urban,0.39,44290.00
339,concrete,48,rural,0.20,48937.00
340,wood,2,urban,0.01,16546.00
341,steel,7,urban,0.03,14661.00
342,steel,55,remote,0.25,28000.00
343,wood,46,rural,0.24,49968.00
344,wood,41,remote,0.20,22661.00
345,wood,43,urban,0.21,42965.00
346,steel,49,urban,0.22,30152.00
347,wood,55,urban,0.34,35371.00
348,steel,15,urban,0.06,15172.00
349,wood,25,urban,0.10,35545.00
350,concrete,60,urban,0.26,40139.00
351,wood,56,urban,0.36,41060.00
352,steel,20,rural,0.08,39638.00
353,wood,38,remote,0.18,22000.00
354,wood,39,urban,0.18,39463.00
355,wood,19,urban,0.08,19897.00
356,wood,52,urban,0.31,45132.00
357,concrete,31,rural,0.13,41086.00
358,steel,19,rural,0.08,35268.00
359,wood,4,urban,0.02,21325.00
360,wood,46,urban,0.24,36415.00
361,wood,54,urban,0.33,32112.00
362,wood,57,urban,0.38,46933.00
363,wood,25,urban,0.10,27317.00
364,wood,58,rural,0.39,57094.00
365,wood,30,urban,0.13,30496.00
366,wood,10,urban,0.04,18218.00
367,wood,42,urban,0.21,30885.00
368,steel,21,remote,0.09,12567.00
369,steel,24,urban,0.10,32982.00
370,wood,45,remote,0.23,23255.00
371,wood,8,urban,0.03,14375.00
372,wood,4,remote,0.02,3149.00
373,wood,9,rural,0.04,33558.00
374,wood,49,remote,0.27,26180.00
375,wood,59,urban,0.41,34794.00
376,steel,54,urban,0.25,34208.00
377,wood,19,rural,0.08,37127.00
378,wood,34,urban,0.15,28291.00
379,concrete,4,urban,0.01,23216.00
380,wood,36,rural,0.16,45636.00
381,wood,60,urban,0.42,40837.00
382,wood,59,urban,0.41,53359.00
383,wood,4,rural,0.02,28080.00
384,concrete,30,rural,0.13,42226.00
385,wood,3,urban,0.01,25249.00
386,wood,3,rural,0.01,31060.00
387,wood,3,urban,0.01,19293.00
388,wood,44,urban,0.22,27538.00
389,wood,18,urban,0.07,12531.00
390,wood,35,rural,0.16,43539.00
391,wood,12,urban,0.05,12332.00
392,wood,57,urban,0.38,47136.00
393,wood,60,rural,0.42,59210.00
394,steel,14,remote,0.06,7942.00
395,steel,50,urban,0.22,46057.00
396,steel,7,urban,0.03,19551.00
397,wood,28,urban,0.12,33505.00
398,wood,34,urban,0.15,32342.00
399,wood,60,rural,0.42,54263.00
400,wood,26,urban,0.11,21536.00
401,steel,18,urban,0.08,20491.00
402,wood,49,urban,0.27,29614.00
403,wood,25,urban,0.10,26470.00
404,wood,3,rural,0.01,26155.00
405,concrete,19,urban,0.08,16235.00
406,wood,41,rural,0.20,47667.00
407,wood,31,urban,0.13,18623.00
408,wood,58,remote,0.39,30468.00
409,steel,45,urban,0.19,42597.00
410,wood,40,urban,0.19,36716.00
411,wood,44,urban,0.22,30809.00
412,steel,31,rural,0.13,40961.00
413,steel,45,urban,0.19,46136.00
414,wood,35,urban,0.16,23344.00
415,wood,51,remote,0.29,26578.00
416,wood,48,rural,0.26,49009.00
417,concrete,12,urban,0.05,11253.00
418,concrete,11,rural,0.04,32858.00
419,wood,2,urban,0.01,18289.00
420,wood,51,remote,0.29,25560.00
421,wood,44,urban,0.22,39965.00
422,wood,50,urban,0.28,45442.00
423,wood,30,urban,0.13,28469.00
424,steel,19,urban,0.08,26304.00
425,steel,29,urban,0.12,32706.00
426,wood,26,remote,0.11,15370.00
427,wood,41,urban,0.20,23602.00
428,wood,45,remote,0.23,25173.00
429,steel,47,urban,0.20,36620.00
430,wood,44,rural,0.22,48205.00
431,steel,1,urban,0.01,14054.00
432,wood,20,urban,0.08,16432.00
433,steel,60,urban,0.29,40413.00
434,concrete,15,urban,0.06,14388.00
435,concrete,17,urban,0.07,17963.00
436,wood,8,rural,0.03,30893.00
437,wood,54,remote,0.33,27973.00
438,wood,3,urban,0.01,22233.00
439,steel,4,urban,0.02,23714.00
440,steel,36,urban,0.15,36558.00
441,concrete,41,urban,0.17,32146.00
442,concrete,15,urban,0.06,26738.00
443,wood,54,rural,0.33,56219.00
444,wood,42,urban,0.20,32700.00
445,steel,33,urban,0.14,30037.00
446,concrete,41,urban,0.17,42815.00
447,wood,27,urban,0.12,37184.00
448,steel,31,urban,0.13,34803.00
449,steel,18,urban,0.08,30041.00
450,wood,14,urban,0.06,11992.00
451,wood,55,urban,0.34,40342.00
452,wood,36,urban,0.16,27326.00
453,wood,34,remote,0.15,17344.00
454,wood,6,urban,0.02,22779.00
455,wood,41,rural,0.20,46107.00
456,wood,30,urban,0.13,30258.00
457,steel,59,urban,0.28,33135.00
458,steel,34,urban,0.14,30932.00
459,wood,34,urban,0.15,36281.00
460,wood,22,rural,0.09,35201.00
461,steel,30,urban,0.13,18318.00
462,wood,43,remote,0.21,23111.00
463,concrete,20,urban,0.08,24606.00
464,wood,58,urban,0.39,49169.00
465,wood,49,rural,0.27,53537.00
466,wood,52,rural,0.31,50309.00
467,concrete,30,urban,0.13,21796.00
468,steel,6,urban,0.03,13888.00
469,concrete,7,remote,0.03,5404.00
470,wood,41,urban,0.20,28060.00
471,steel,15,urban,0.06,28766.00
472,wood,47,urban,0.25,33797.00
473,wood,22,urban,0.09,23824.00
474,wood,39,urban,0.18,32536.00
475,wood,6,rural,0.02,30819.00
476,wood,12,remote,0.05,6739.00
477,concrete,27,urban,0.11,20951.00
478,steel,19,urban,0.08,26694.00
479,steel,48,rural,0.21,51061.00
480,concrete,3,urban,0.01,12209.00
481,concrete,30,urban,0.12,30980.00
482,wood,53,rural,0.32,52177.00
483,wood,9,rural,0.04,31303.00
484,wood,27,urban,0.12,20327.00
485,wood,4,urban,0.01,25040.00
486,wood,41,urban,0.20,43427.00
487,wood,18,rural,0.07,33474.00
488,wood,28,urban,0.12,26006.00
489,wood,38,urban,0.18,38293.00
490,wood,12,urban,0.05,24905.00
491,steel,47,urban,0.20,45157.00
492,wood,14,urban,0.06,11803.00
493,concrete,16,rural,0.07,36152.00
494,wood,57,urban,0.38,45459.00
495,wood,45,urban,0.23,30214.00
496,steel,10,urban,0.04,12498.00
497,wood,46,rural,0.24,48410.00
498,steel,56,urban,0.26,39913.00
499,steel,6,urban,0.02,16870.00
500,wood,56,rural,0.36,55895.00
501,wood,46,urban,0.24,26099.00
502,wood,15,urban,0.06,27086.00
503,wood,26,rural,0.11,38758.00
504,wood,24,urban,0.10,31037.00
505,wood,9,urban,0.04,26351.00
506,steel,43,urban,0.18,35044.00
507,wood,32,urban,0.14,32532.00
508,wood,54,urban,0.33,39362.00
509,wood,24,urban,0.10,20088.00
510,wood,12,rural,0.05,32089.00
511,wood,25,rural,0.11,39074.00
512,wood,57,urban,0.38,42267.00
513,wood,33,remote,0.14,16494.00
514,wood,54,urban,0.33,34416.00
515,wood,8,remote,0.03,5774.00
516,steel,54,urban,0.25,40570.00
517,wood,53,urban,0.32,41547.00
518,wood,12,urban,0.05,15948.00
519,wood,35,rural,0.15,47280.00
520,wood,60,remote,0.42,32435.00
521,wood,14,urban,0.06,23084.00
522,concrete,11,remote,0.05,6745.00
523,wood,34,urban,0.15,36328.00
524,concrete,15,remote,0.06,10247.00
525,wood,25,rural,0.11,41405.00
526,wood,17,remote,0.07,11082.00
527,wood,25,rural,0.10,40362.00
528,wood,24,urban,0.10,16774.00
529,wood,51,urban,0.29,49074.00
530,steel,51,rural,0.23,52147.00
531,concrete,43,rural,0.18,45487.00
532,steel,25,urban,0.10,27604.00
533,wood,48,urban,0.26,36342.00
534,wood,60,urban,0.42,40389.00
535,wood,27,rural,0.11,41053.00
536,wood,19,rural,0.08,35088.00
537,wood,16,urban,0.07,19365.00
538,wood,57,remote,0.38,29881.00
539,wood,37,urban,0.17,22367.00
540,concrete,58,urban,0.25,45430.00
541,steel,6,remote,0.02,3899.00
542,wood,34,remote,0.15,18734.00
543,wood,18,rural,0.08,37867.00
544,steel,40,urban,0.17,29806.00
545,wood,59,urban,0.41,32718.00
546,wood,58,urban,0.39,37634.00
547,steel,48,rural,0.21,54090.00
548,wood,4,urban,0.01,19058.00
549,steel,15,urban,0.06,21280.00
550,steel,26,urban,0.11,20736.00
551,steel,19,urban,0.08,18004.00
552,wood,7,rural,0.03,33088.00
553,wood,11,urban,0.05,17687.00
554,wood,14,rural,0.06,35157.00
555,wood,15,rural,0.06,35321.00
556,wood,45,urban,0.23,28778.00
557,wood,27,rural,0.12,41817.00
558,wood,48,urban,0.26,38650.00
559,steel,56,urban,0.26,48900.00
560,wood,24,rural,0.10,38832.00
561,wood,31,remote,0.14,18572.00
562,steel,19,urban,0.08,22140.00
563,wood,44,urban,0.22,26875.00
564,steel,30,urban,0.13,37400.00
565,wood,40,urban,0.19,37615.00
566,wood,52,urban,0.30,29076.00
567,wood,29,urban,0.13,21476.00
568,steel,41,urban,0.18,35670.00
569,concrete,7,urban,0.03,22225.00
570,wood,56,urban,0.36,31604.00
571,wood,44,rural,0.22,46893.00
572,concrete,48,rural,0.20,50452.00
573,wood,20,urban,0.08,29921.00
574,wood,45,urban,0.23,40445.00
575,steel,1,urban,0.01,10084.00
576,wood,48,rural,0.26,48007.00
577,concrete,53,urban,0.22,37346.00
578,steel,12,remote,0.05,7997.00
579,wood,28,remote,0.12,15137.00
580,wood,39,rural,0.18,48788.00
581,concrete,7,urban,0.03,7626.00
582,steel,14,urban,0.06,15306.00
583,wood,11,urban,0.05,14543.00
584,concrete,32,urban,0.13,19920.00
585,wood,35,urban,0.16,39105.00
586,wood,54,urban,0.33,33745.00
587,wood,30,urban,0.13,21725.00
588,wood,52,rural,0.31,52392.00
589,wood,48,urban,0.26,41867.00
590,wood,28,urban,0.12,21107.00
591,wood,29,urban,0.13,34516.00
592,wood,10,urban,0.04,23009.00
593,wood,36,remote,0.16,18120.00
594,wood,32,urban,0.14,28155.00
595,steel,35,urban,0.14,25745.00
596,concrete,26,urban,0.11,29768.00
597,wood,53,remote,0.32,29181.00
598,wood,51,rural,0.29,52600.00
599,wood,29,remote,0.13,14561.00
600,wood,49,urban,0.27,33620.00
601,wood,33,rural,0.15,44815.00
602,wood,14,urban,0.06,24856.00
603,steel,3,remote,0.01,3348.00
604,wood,23,urban,0.10,24082.00
605,wood,53,urban,0.32,48575.00
606,wood,53,urban,0.32,31819.00
607,wood,59,urban,0.41,45795.00
608,wood,26,urban,0.11,25548.00
609,wood,22,urban,0.09,20832.00
610,wood,6,urban,0.03,6476.00
611,wood,0,rural,0.00,25276.00
612,steel,55,urban,0.25,42252.00
613,wood,3,remote,0.01,2543.00
614,wood,13,rural,0.06,32976.00
615,concrete,8,urban,0.03,8613.00
616,steel,27,urban,0.11,17387.00
617,steel,55,urban,0.25,46948.00
618,wood,42,urban,0.20,25086.00
619,wood,20,rural,0.09,38056.00
620,steel,10,urban,0.04,23773.00
621,wood,14,urban,0.06,16724.00
622,wood,38,rural,0.18,43878.00
623,concrete,35,urban,0.14,37934.00
624,wood,9,rural,0.04,29413.00
625,steel,1,urban,0.00,22154.00
626,wood,13,urban,0.05,28069.00
627,steel,27,urban,0.11,22570.00
628,wood,2,remote,0.01,2669.00
629,steel,28,urban,0.12,29172.00
630,wood,12,rural,0.05,31397.00
631,wood,49,urban,0.27,32135.00
632,wood,55,urban,0.35,48852.00
633,wood,49,rural,0.27,51987.00
634,concrete,4,remote,0.02,3933.00
635,wood,15,remote,0.06,9237.00
636,wood,13,urban,0.05,11054.00
637,steel,34,urban,0.14,38140.00
638,concrete,20,urban,0.08,28246.00
639,wood,19,urban,0.08,29309.00
640,wood,41,urban,0.20,34152.00
641,steel,56,urban,0.26,51639.00
642,wood,36,rural,0.17,42610.00
643,wood,31,urban,0.14,29231.00
644,wood,28,urban,0.12,35628.00
645,wood,23,urban,0.10,23922.00
646,steel,8,urban,0.03,20635.00
647,wood,51,urban,0.29,48243.00
648,concrete,22,urban,0.09,15606.00
649,wood,38,rural,0.18,44014.00
650,steel,4,rural,0.02,30574.00
651,wood,55,urban,0.34,42199.00
652,wood,40,urban,0.19,31491.00
653,steel,49,urban,0.22,40242.00
654,steel,5,urban,0.02,13221.00
655,wood,21,urban,0.09,14478.00
656,wood,52,urban,0.31,46545.00
657,wood,7,urban,0.03,19633.00
658,steel,5,urban,0.02,8136.00
659,steel,6,rural,0.02,32483.00
660,wood,27,urban,0.11,19725.00
661,steel,60,urban,0.29,52688.00
662,concrete,24,urban,0.10,24298.00
663,wood,46,urban,0.24,43952.00
664,steel,26,urban,0.11,23573.00
665,wood,5,rural,0.02,29772.00
666,wood,20,urban,0.09,24978.00
667,wood,13,urban,0.06,25010.00
668,steel,32,rural,0.13,41316.00
669,concrete,35,remote,0.15,19131.00
670,concrete,10,urban,0.04,10376.00
671,wood,36,urban,0.16,32352.00
672,wood,14,urban,0.06,24122.00
673,concrete,38,urban,0.16,37883.00
674,wood,42,urban,0.21,36022.00
675,steel,23,urban,0.10,20190.00
676,steel,29,rural,0.12,43540.00
677,wood,9,rural,0.04,33100.00
678,wood,16,urban,0.07,19710.00
679,wood,16,urban,0.07,27569.00
680,wood,5,urban,0.02,26007.00
681,concrete,22,rural,0.09,36015.00
682,wood,37,urban,0.17,31154.00
683,steel,42,remote,0.18,21990.00
684,steel,14,rural,0.06,34534.00
685,wood,54,remote,0.33,26916.00
686,wood,35,urban,0.16,28757.00
687,wood,55,rural,0.35,53509.00
688,concrete,56,urban,0.24,51822.00
689,wood,32,urban,0.14,27606.00
690,wood,7,urban,0.03,13293.00
691,wood,9,urban,0.04,18999.00
692,wood,58,urban,0.39,48651.00
693,wood,23,rural,0.10,37816.00
694,wood,43,rural,0.21,47545.00
695,concrete,18,urban,0.07,24193.00
696,wood,59,urban,0.41,41092.00
697,wood,10,rural,0.04,30630.00
698,wood,12,urban,0.05,27784.00
699,steel,21,urban,0.09,14816.00
700,wood,23,urban,0.10,28351.00
701,wood,7,urban,0.03,17226.00
702,wood,13,urban,0.05,24621.00
703,wood,35,urban,0.16,21155.00
704,steel,42,urban,0.18,38683.00
705,wood,50,urban,0.28,32402.00
706,wood,12,rural,0.05,36141.00
707,wood,49,urban,0.27,42137.00
708,wood,25,urban,0.10,18054.00
709,steel,30,rural,0.13,42641.00
710,steel,11,remote,0.05,7020.00
711,wood,52,rural,0.30,51640.00
712,steel,42,urban,0.18,38247.00
713,wood,2,urban,0.01,9596.00
714,wood,36,urban,0.16,41422.00
715,wood,36,urban,0.16,37115.00
716,concrete,25,urban,0.10,16698.00
717,wood,51,remote,0.29,27391.00
718,wood,26,rural,0.11,40305.00
719,wood,51,remote,0.29,25761.00
720,wood,17,urban,0.07,29879.00
721,wood,54,urban,0.33,49692.00
722,wood,42,rural,0.20,50244.00
723,wood,38,urban,0.18,42326.00
724,wood,2,urban,0.01,7466.00
725,concrete,58,urban,0.25,40158.00
726,steel,35,urban,0.15,22430.00
727,steel,43,urban,0.18,29064.00
728,steel,16,urban,0.07,31754.00
729,wood,58,rural,0.39,55039.00
730,wood,48,urban,0.26,41280.00
731,wood,22,remote,0.09,13254.00
732,wood,31,urban,0.14,20371.00
733,wood,22,rural,0.09,37929.00
734,steel,36,urban,0.15,28861.00
735,wood,7,rural,0.03,33024.00
736,wood,24,remote,0.10,13829.00
737,steel,26,urban,0.11,19676.00
738,wood,37,remote,0.17,19634.00
739,wood,21,urban,0.09,31722.00
740,wood,8,urban,0.03,11504.00
741,steel,57,urban,0.27,32310.00
742,wood,59,urban,0.41,51535.00
743,steel,60,urban,0.29,42276.00
744,wood,32,urban,0.14,38688.00
745,wood,16,urban,0.07,21057.00
746,concrete,49,urban,0.20,42123.00
747,wood,4,urban,0.01,6506.00
748,wood,43,urban,0.21,33865.00
749,concrete,57,urban,0.25,49315.00
750,steel,54,rural,0.24,56162.00
751,wood,29,urban,0.13,17611.00
752,steel,45,urban,0.19,25488.00
753,wood,13,urban,0.06,14454.00
754,wood,33,rural,0.14,44177.00
755,concrete,12,urban,0.05,20133.00
756,wood,8,remote,0.04,5663.00
757,steel,43,rural,0.18,50244.00
758,wood,32,urban,0.14,28700.00
759,wood,57,remote,0.38,29098.00
760,concrete,54,rural,0.23,52182.00
761,concrete,57,rural,0.24,53160.00
762,wood,10,rural,0.04,32004.00
763,wood,57,rural,0.38,55238.00
764,wood,40,urban,0.19,34004.00
765,wood,10,urban,0.04,12461.00
766,wood,58,remote,0.39,31879.00
767,wood,8,urban,0.04,24839.00
768,wood,37,rural,0.17,42740.00
769,wood,1,urban,0.00,15510.00
770,wood,29,urban,0.13,30070.00
771,steel,1,urban,0.01,8089.00
772,wood,42,remote,0.21,22201.00
773,wood,29,urban,0.13,37872.00
774,wood,58,urban,0.39,35713.00
775,wood,5,urban,0.02,25959.00
776,wood,12,urban,0.05,19486.00
777,wood,10,rural,0.04,32021.00
778,wood,50,rural,0.28,55224.00
779,wood,14,urban,0.06,14365.00
780,concrete,52,urban,0.22,29470.00
781,wood,48,urban,0.26,35930.00
782,concrete,11,urban,0.04,19507.00
783,wood,31,urban,0.13,22679.00
784,wood,58,rural,0.39,56052.00
785,wood,44,remote,0.22,23684.00
786,concrete,54,urban,0.23,44172.00
787,wood,30,rural,0.13,41252.00
788,wood,5,remote,0.02,3003.00
789,wood,32,urban,0.14,37990.00
790,wood,59,urban,0.41,40374.00
791,wood,32,urban,0.14,36786.00
792,wood,23,urban,0.10,18874.00
793,steel,18,urban,0.07,23870.00
794,wood,56,urban,0.36,48450.00
795,wood,16,urban,0.07,15666.00
796,concrete,59,rural,0.26,57779.00
797,wood,17,urban,0.07,29695.00
798,steel,13,urban,0.05,17584.00
799,wood,51,rural,0.29,50280.00
800,concrete,31,urban,0.13,28840.00
801,wood,26,rural,0.11,39795.00
802,steel,28,urban,0.12,27559.00
803,wood,31,urban,0.13,25311.00
804,steel,26,rural,0.11,38860.00
805,wood,18,urban,0.07,27141.00
806,concrete,36,urban,0.15,31046.00
807,wood,21,remote,0.09,11341.00
808,wood,56,urban,0.36,42188.00
809,wood,24,rural,0.10,40406.00
810,wood,47,urban,0.25,34955.00
811,wood,49,remote,0.27,26929.00
812,steel,27,urban,0.11,29465.00
813,wood,38,rural,0.18,45837.00
814,wood,25,urban,0.11,23486.00
815,wood,13,rural,0.05,32076.00
816,concrete,35,rural,0.15,45615.00
817,wood,32,remote,0.14,16992.00
818,wood,6,urban,0.02,19433.00
819,wood,12,urban,0.05,22834.00
820,wood,33,urban,0.15,38326.00
821,wood,11,remote,0.05,6510.00
822,steel,10,urban,0.04,13157.00
823,wood,52,rural,0.30,53265.00
824,wood,46,urban,0.24,26986.00
825,wood,40,rural,0.19,45005.00
826,wood,52,rural,0.30,54038.00
827,steel,37,remote,0.15,18378.00
828,wood,6,urban,0.03,15471.00
829,steel,49,remote,0.22,26252.00
830,steel,33,urban,0.14,24879.00
831,wood,57,rural,0.38,57971.00
832,concrete,37,urban,0.16,35362.00
833,wood,12,rural,0.05,33625.00
834,wood,15,rural,0.06,36945.00
835,wood,16,urban,0.07,16272.00
836,concrete,31,rural,0.13,43998.00
837,steel,28,urban,0.12,19101.00
838,wood,41,urban,0.20,24275.00
839,wood,57,rural,0.37,55361.00
840,steel,1,rural,0.00,29012.00
841,wood,13,rural,0.05,31103.00
842,steel,47,rural,0.20,53233.00
843,wood,11,urban,0.05,16067.00
844,wood,19,urban,0.08,23480.00
845,wood,33,urban,0.15,25949.00
846,wood,39,urban,0.18,30795.00
847,concrete,4,rural,0.01,29862.00
848,wood,47,urban,0.25,36093.00
849,wood,32,urban,0.14,30631.00
850,wood,24,urban,0.10,28343.00
851,wood,13,urban,0.05,28884.00
852,steel,10,urban,0.04,11345.00
853,steel,10,urban,0.04,20510.00
854,wood,49,remote,0.27,24811.00
855,wood,8,urban,0.03,16963.00
856,steel,51,rural,0.23,49744.00
857,wood,57,rural,0.38,54539.00
858,wood,40,urban,0.19,40940.00
859,wood,51,urban,0.29,31310.00
860,wood,9,rural,0.04,29938.00
861,wood,32,urban,0.14,31789.00
862,wood,2,rural,0.01,25890.00
863,concrete,16,urban,0.07,22239.00
864,wood,1,urban,0.00,5919.00
865,wood,58,rural,0.39,56086.00
866,steel,27,urban,0.11,32065.00
867,wood,22,urban,0.09,29959.00
868,wood,15,rural,0.06,33254.00
869,concrete,34,urban,0.14,39082.00
870,concrete,34,rural,0.14,42332.00
871,wood,40,urban,0.19,34354.00
872,steel,27,urban,0.11,33548.00
873,wood,34,urban,0.15,35570.00
874,wood,21,urban,0.09,19159.00
875,concrete,51,urban,0.21,48406.00
876,wood,32,urban,0.14,23016.00
877,steel,38,urban,0.16,33779.00
878,wood,19,urban,0.08,32647.00
879,wood,8,urban,0.03,27198.00
880,wood,34,urban,0.15,39014.00
881,wood,28,rural,0.12,43622.00
882,wood,13,urban,0.05,20303.00
883,wood,50,urban,0.28,29099.00
884,steel,42,remote,0.18,21443.00
885,wood,13,urban,0.05,14836.00
886,wood,33,urban,0.14,32515.00
887,wood,54,urban,0.33,31751.00
888,steel,59,urban,0.28,36177.00
889,wood,26,remote,0.11,14184.00
890,wood,44,urban,0.22,43147.00
891,wood,24,urban,0.10,24883.00
892,wood,50,urban,0.28,48108.00
893,wood,9,urban,0.04,7682.00
894,wood,11,urban,0.05,10825.00
895,wood,9,urban,0.04,8090.00
896,wood,34,remote,0.15,18768.00
897,steel,42,urban,0.18,30710.00
898,wood,3,urban,0.01,19428.00
899,wood,41,urban,0.20,34100.00
900,steel,18,urban,0.08,32427.00
901,wood,15,urban,0.06,25965.00
902,wood,27,urban,0.12,19001.00
903,steel,39,remote,0.17,22444.00
904,concrete,40,urban,0.17,42837.00
905,wood,49,urban,0.27,47279.00
906,wood,49,rural,0.27,53758.00
907,wood,36,urban,0.16,33853.00
908,steel,17,urban,0.07,23045.00
909,wood,47,urban,0.25,45440.00
910,wood,18,urban,0.07,28486.00
911,concrete,51,urban,0.22,37128.00
912,wood,12,urban,0.05,27539.00
913,concrete,57,rural,0.25,54240.00
914,wood,56,urban,0.36,49403.00
915,wood,40,urban,0.19,39500.00
916,wood,47,urban,0.25,45818.00
917,wood,19,urban,0.08,29853.00
918,wood,52,urban,0.30,28822.00
919,concrete,41,rural,0.17,47077.00
920,steel,20,urban,0.08,32306.00
921,steel,5,urban,0.02,14986.00
922,steel,54,urban,0.25,47512.00
923,steel,31,rural,0.13,44026.00
924,concrete,7,urban,0.03,18677.00
925,steel,47,urban,0.20,28020.00
926,wood,41,rural,0.20,47148.00
927,wood,17,rural,0.07,37630.00
928,wood,3,rural,0.01,28511.00
929,wood,24,urban,0.10,33448.00
930,steel,28,urban,0.12,33136.00
931,steel,1,urban,0.00,15566.00
932,wood,36,rural,0.16,47631.00
933,steel,1,urban,0.00,11668.00
934,wood,15,urban,0.06,10476.00
935,wood,47,urban,0.25,33800.00
936,wood,3,urban,0.01,4722.00
937,wood,51,rural,0.29,51033.00
938,steel,6,urban,0.02,10224.00
939,concrete,37,urban,0.15,23123.00
940,wood,39,urban,0.18,27716.00
941,wood,27,urban,0.12,27270.00
942,wood,15,urban,0.06,29016.00
943,steel,12,rural,0.05,31011.00
944,wood,17,rural,0.07,33973.00
945,wood,19,urban,0.08,31757.00
946,wood,53,urban,0.32,41954.00
947,wood,54,urban,0.33,45097.00
948,wood,16,urban,0.07,22746.00
949,steel,50,rural,0.22,50949.00
950,wood,29,urban,0.12,21800.00
951,steel,14,rural,0.06,33638.00
952,wood,25,urban,0.11,19327.00
953,wood,10,urban,0.04,15313.00
954,wood,7,rural,0.03,31150.00
955,wood,44,urban,0.22,29228.00
956,wood,38,rural,0.17,43260.00
957,wood,30,urban,0.13,20153.00
958,wood,42,urban,0.20,40467.00
959,wood,52,urban,0.31,33000.00
960,wood,26,urban,0.11,16437.00
961,concrete,38,urban,0.16,22948.00
962,wood,10,rural,0.04,29365.00
963,wood,29,urban,0.12,38115.00
964,wood,6,rural,0.03,28837.00
965,steel,34,urban,0.14,20016.00
966,steel,26,urban,0.11,30377.00
967,steel,19,rural,0.08,34974.00
968,concrete,3,remote,0.01,4617.00
969,concrete,49,urban,0.21,42914.00
970,wood,41,urban,0.20,28856.00
971,wood,16,rural,0.07,32625.00
972,wood,48,urban,0.26,27475.00
973,wood,29,urban,0.12,33871.00
974,concrete,39,urban,0.16,38098.00
975,steel,26,urban,0.11,19746.00
976,steel,29,urban,0.12,31754.00
977,steel,8,rural,0.04,31430.00
978,wood,34,remote,0.15,19653.00
979,wood,22,urban,0.09,23664.00
980,wood,30,urban,0.13,29467.00
981,wood,38,rural,0.17,43031.00
982,wood,25,urban,0.11,29063.00
983,wood,38,urban,0.17,40583.00
984,wood,12,urban,0.05,24670.00
985,wood,7,urban,0.03,23188.00
986,wood,10,urban,0.04,9277.00
987,steel,56,rural,0.26,53723.00
988,wood,3,urban,0.01,9339.00
989,steel,53,urban,0.24,34193.00
990,steel,53,rural,0.24,54042.00
991,wood,54,urban,0.33,50233.00
992,steel,22,urban,0.09,30087.00
993,wood,47,urban,0.25,39707.00
994,wood,25,urban,0.11,22844.00
995,wood,18,urban,0.08,32016.00
996,wood,48,rural,0.26,48469.00
997,wood,13,rural,0.06,35983.00
998,steel,12,urban,0.05,13995.00
999,wood,15,urban,0.06,22767.00
1000,wood,24,urban,0.10,25357.00