Pole Id,Pole Id Text,Age In Years,Pole Type,Zone,Probability Of Failure,Consequence Of Failure Usd ($),Intervention Reduction Effect,Cost Avoidance ($),Fk Cost Of Mitigation,Pole Mitigation Cost ($),Span Mitigation Cost Multiplier,Span Cost Modifier Normalized,Actual Pole Mitigation Cost ($),Net Cost Avoidance ($)
1,1,59,wood,rural,0.41,58846.00,0.80,19113.18,wood-rural,6000.00,,1.00,6000.00,13113.18
2,2,31,wood,urban,0.14,35090.00,0.90,4326.60,wood-urban,5000.00,,1.00,5000.00,-673.40
3,3,58,wood,urban,0.39,50826.00,0.90,17885.67,wood-urban,5000.00,,1.00,5000.00,12885.67
4,4,48,steel,urban,0.21,27959.00,0.90,5259.09,steel-urban,9000.00,,1.00,9000.00,-3740.91
5,5,15,wood,urban,0.06,21690.00,0.90,1190.78,wood-urban,5000.00,,1.00,5000.00,-3809.22
6,6,54,wood,remote,0.33,28794.00,0.70,6711.88,wood-remote,8000.00,,1.00,8000.00,-1288.12
7,7,47,wood,urban,0.25,36684.00,0.90,8253.90,wood-urban,5000.00,,1.00,5000.00,3253.90
8,8,45,wood,urban,0.23,40851.00,0.90,8492.92,wood-urban,5000.00,,1.00,5000.00,3492.92
9,9,40,wood,remote,0.19,20173.00,0.70,2668.89,wood-remote,8000.00,,1.00,8000.00,-5331.11
10,10,59,wood,urban,0.41,32737.00,0.90,11991.56,wood-urban,5000.00,,1.00,5000.00,6991.56
11,11,33,wood,remote,0.15,18250.00,0.70,1877.92,wood-remote,8000.00,,1.00,8000.00,-6122.07
12,12,2,steel,urban,0.01,13691.00,0.90,110.90,steel-urban,9000.00,,1.00,9000.00,-8889.10
13,13,17,wood,urban,0.07,30669.00,0.90,2014.95,wood-urban,5000.00,,1.00,5000.00,-2985.05
14,14,16,wood,urban,0.07,23765.00,0.90,1475.81,wood-urban,5000.00,,1.00,5000.00,-3524.19
15,15,32,wood,urban,0.14,27284.00,0.90,3437.78,wood-urban,5000.00,,1.00,5000.00,-1562.22
16,16,46,steel,urban,0.20,29438.00,0.90,5272.35,steel-urban,9000.00,,1.00,9000.00,-3727.65
17,17,56,concrete,remote,0.24,28310.00,0.70,4775.90,concrete-remote,20000.00,,1.00,20000.00,-15224.10
18,18,22,wood,urban,0.10,21910.00,0.90,1873.30,wood-urban,5000.00,,1.00,5000.00,-3126.70
19,19,12,wood,urban,0.05,11980.00,0.90,517.54,wood-urban,5000.00,,1.00,5000.00,-4482.46
20,20,50,wood,urban,0.28,28378.00,0.90,7227.88,wood-urban,5000.00,,1.00,5000.00,2227.88
21,21,26,steel,urban,0.11,16955.00,0.90,1693.80,steel-urban,9000.00,,1.00,9000.00,-7306.20
22,22,42,concrete,rural,0.18,45658.00,0.80,6428.65,concrete-rural,15000.00,,1.00,15000.00,-8571.35
23,23,57,wood,urban,0.38,38427.00,0.90,13003.70,wood-urban,5000.00,,1.00,5000.00,8003.70
24,24,16,wood,urban,0.07,12381.00,0.90,757.72,wood-urban,5000.00,,1.00,5000.00,-4242.28
25,25,7,wood,remote,0.03,5978.00,0.70,125.54,wood-remote,8000.00,,1.00,8000.00,-7874.46
26,26,47,wood,urban,0.25,32589.00,0.90,7244.53,wood-urban,5000.00,,1.00,5000.00,2244.53
27,27,10,steel,urban,0.04,20523.00,0.90,775.77,steel-urban,9000.00,,1.00,9000.00,-8224.23
28,28,30,wood,urban,0.13,39064.00,0.90,4640.80,wood-urban,5000.00,,1.00,5000.00,-359.20
29,29,9,wood,rural,0.04,32084.00,0.80,1001.02,wood-rural,6000.00,,1.00,6000.00,-4998.98
30,30,27,wood,urban,0.12,19462.00,0.90,2031.83,wood-urban,5000.00,,1.00,5000.00,-2968.17
31,31,46,steel,urban,0.20,39969.00,0.90,7194.42,steel-urban,9000.00,,1.00,9000.00,-1805.58
32,32,52,wood,rural,0.30,50531.00,0.80,12248.71,wood-rural,6000.00,,1.00,6000.00,6248.71
33,33,17,wood,rural,0.07,35459.00,0.80,2070.81,wood-rural,6000.00,,1.00,6000.00,-3929.19
34,34,37,wood,rural,0.17,43497.00,0.80,5950.39,wood-rural,6000.00,,1.00,6000.00,-49.61
35,35,19,wood,urban,0.08,32520.00,0.90,2312.17,wood-urban,5000.00,,1.00,5000.00,-2687.83
36,36,12,steel,urban,0.05,20643.00,0.90,947.51,steel-urban,9000.00,,1.00,9000.00,-8052.49
37,37,1,steel,urban,0.01,6830.00,0.90,30.73,steel-urban,9000.00,,1.00,9000.00,-8969.26
38,38,30,steel,urban,0.13,37629.00,0.90,4233.26,steel-urban,9000.00,,1.00,9000.00,-4766.74
39,39,8,wood,rural,0.04,29209.00,0.80,817.85,wood-rural,6000.00,,1.00,6000.00,-5182.15
40,40,45,steel,urban,0.19,25483.00,0.90,4426.40,steel-urban,9000.00,,1.00,9000.00,-4573.60
41,41,35,wood,urban,0.15,22428.00,0.90,3128.71,wood-urban,5000.00,,1.00,5000.00,-1871.29
42,42,34,wood,urban,0.15,28801.00,0.90,3939.98,wood-urban,5000.00,,1.00,5000.00,-1060.02
43,43,38,wood,urban,0.17,32179.00,0.90,5039.23,wood-urban,5000.00,,1.00,5000.00,39.23
44,44,56,wood,urban,0.36,42431.00,0.90,13747.64,wood-urban,5000.00,,1.00,5000.00,8747.64
45,45,22,wood,urban,0.09,27457.00,0.90,2248.73,wood-urban,5000.00,,1.00,5000.00,-2751.27
46,46,49,wood,rural,0.27,54503.00,0.80,11816.25,wood-rural,6000.00,,1.00,6000.00,5816.25
47,47,7,steel,urban,0.03,6938.00,0.90,174.84,steel-urban,9000.00,,1.00,9000.00,-8825.16
48,48,18,wood,urban,0.08,17975.00,0.90,1229.49,wood-urban,5000.00,,1.00,5000.00,-3770.51
49,49,54,concrete,urban,0.23,47875.00,0.90,9823.95,concrete-urban,12000.00,,1.00,12000.00,-2176.05
50,50,18,steel,rural,0.07,38704.00,0.80,2291.28,steel-rural,11000.00,,1.00,11000.00,-8708.72
51,51,36,wood,urban,0.16,33597.00,0.90,4868.21,wood-urban,5000.00,,1.00,5000.00,-131.79
52,52,39,wood,rural,0.18,43873.00,0.80,6387.91,wood-rural,6000.00,,1.00,6000.00,387.91
53,53,15,steel,rural,0.06,36344.00,0.80,1744.51,steel-rural,11000.00,,1.00,11000.00,-9255.49
54,54,9,wood,urban,0.04,23161.00,0.90,792.11,wood-urban,5000.00,,1.00,5000.00,-4207.89
55,55,45,concrete,remote,0.19,25116.00,0.70,3340.43,concrete-remote,20000.00,,1.00,20000.00,-16659.57
56,56,34,wood,urban,0.15,25426.00,0.90,3455.39,wood-urban,5000.00,,1.00,5000.00,-1544.61
57,57,59,wood,urban,0.41,38036.00,0.90,13898.35,wood-urban,5000.00,,1.00,5000.00,8898.35
58,58,19,steel,remote,0.08,10615.00,0.70,587.01,steel-remote,14000.00,,1.00,14000.00,-13412.99
59,59,56,wood,urban,0.36,50502.00,0.90,16408.10,wood-urban,5000.00,,1.00,5000.00,11408.10
60,60,14,steel,urban,0.06,26941.00,0.90,1406.32,steel-urban,9000.00,,1.00,9000.00,-7593.68
61,61,5,wood,urban,0.02,14510.00,0.90,274.24,wood-urban,5000.00,,1.00,5000.00,-4725.76
62,62,34,wood,urban,0.15,22199.00,0.90,3056.80,wood-urban,5000.00,,1.00,5000.00,-1943.20
63,63,12,wood,remote,0.05,7065.00,0.70,252.22,wood-remote,8000.00,,1.00,8000.00,-7747.78
64,64,32,steel,urban,0.13,24994.00,0.90,2991.78,steel-urban,9000.00,,1.00,9000.00,-6008.22
65,65,33,steel,remote,0.14,17511.00,0.70,1679.30,steel-remote,14000.00,,1.00,14000.00,-12320.70
66,66,1,concrete,urban,0.01,6784.00,0.90,36.63,concrete-urban,12000.00,,1.00,12000.00,-11963.37
67,67,44,steel,rural,0.19,48510.00,0.80,7295.90,steel-rural,11000.00,,1.00,11000.00,-3704.10
68,68,52,wood,urban,0.31,48757.00,0.90,13471.56,wood-urban,5000.00,,1.00,5000.00,8471.56
69,69,51,concrete,urban,0.21,38905.00,0.90,7528.12,concrete-urban,12000.00,,1.00,12000.00,-4471.88
70,70,31,wood,urban,0.13,31742.00,0.90,3828.09,wood-urban,5000.00,,1.00,5000.00,-1171.91
71,71,27,wood,urban,0.12,17512.00,0.90,1828.25,wood-urban,5000.00,,1.00,5000.00,-3171.75
72,72,11,steel,urban,0.04,24994.00,0.90,989.76,steel-urban,9000.00,,1.00,9000.00,-8010.24
73,73,45,wood,urban,0.23,35890.00,0.90,7396.93,wood-urban,5000.00,,1.00,5000.00,2396.93
74,74,20,wood,urban,0.08,20647.00,0.90,1542.33,wood-urban,5000.00,,1.00,5000.00,-3457.67
75,75,33,wood,urban,0.15,26932.00,0.90,3538.86,wood-urban,5000.00,,1.00,5000.00,-1461.14
76,76,34,wood,urban,0.15,26534.00,0.90,3558.21,wood-urban,5000.00,,1.00,5000.00,-1441.79
77,77,22,concrete,urban,0.09,14260.00,0.90,1167.89,concrete-urban,12000.00,,1.00,12000.00,-10832.11
78,78,37,wood,urban,0.17,35580.00,0.90,5347.67,wood-urban,5000.00,,1.00,5000.00,347.67
79,79,25,wood,urban,0.10,23033.00,0.90,2176.62,wood-urban,5000.00,,1.00,5000.00,-2823.38
80,80,25,wood,remote,0.11,14614.00,0.70,1094.59,wood-remote,8000.00,,1.00,8000.00,-6905.41
81,81,34,wood,rural,0.15,41255.00,0.80,4983.60,wood-rural,6000.00,,1.00,6000.00,-1016.40
82,82,0,wood,rural,0.00,29041.00,0.80,0.00,wood-rural,6000.00,,1.00,6000.00,-6000.00
83,83,57,wood,urban,0.38,47325.00,0.90,16099.96,wood-urban,5000.00,,1.00,5000.00,11099.96
84,84,16,concrete,urban,0.07,27708.00,0.90,1670.79,concrete-urban,12000.00,,1.00,12000.00,-10329.21
85,85,38,concrete,urban,0.16,36462.00,0.90,5250.53,concrete-urban,12000.00,,1.00,12000.00,-6749.47
86,86,54,concrete,urban,0.23,43216.00,0.90,8984.61,concrete-urban,12000.00,,1.00,12000.00,-3015.39
87,87,8,steel,urban,0.03,16861.00,0.90,515.95,steel-urban,9000.00,,1.00,9000.00,-8484.05
88,88,41,wood,urban,0.20,43134.00,0.90,7647.66,wood-urban,5000.00,,1.00,5000.00,2647.66
89,89,6,wood,rural,0.03,27388.00,0.80,569.67,wood-rural,6000.00,,1.00,6000.00,-5430.33
90,90,20,wood,urban,0.08,18408.00,0.90,1391.64,wood-urban,5000.00,,1.00,5000.00,-3608.36
91,91,1,wood,rural,0.00,29115.00,0.80,69.88,wood-rural,6000.00,,1.00,6000.00,-5930.12
92,92,30,wood,rural,0.13,44903.00,0.80,4669.91,wood-rural,6000.00,,1.00,6000.00,-1330.09
93,93,43,steel,urban,0.18,42870.00,0.90,7022.11,steel-urban,9000.00,,1.00,9000.00,-1977.89
94,94,36,wood,urban,0.16,37869.00,0.90,5487.22,wood-urban,5000.00,,1.00,5000.00,487.22
95,95,33,wood,urban,0.15,27163.00,0.90,3569.22,wood-urban,5000.00,,1.00,5000.00,-1430.78
96,96,49,wood,urban,0.27,45713.00,0.90,11067.12,wood-urban,5000.00,,1.00,5000.00,6067.12
97,97,10,steel,urban,0.04,15271.00,0.90,577.24,steel-urban,9000.00,,1.00,9000.00,-8422.76
98,98,52,wood,remote,0.30,27870.00,0.70,5930.74,wood-remote,8000.00,,1.00,8000.00,-2069.26
99,99,29,concrete,urban,0.12,26966.00,0.90,2960.87,concrete-urban,12000.00,,1.00,12000.00,-9039.13
100,100,27,steel,rural,0.11,41391.00,0.80,3708.63,steel-rural,11000.00,,1.00,11000.00,-7291.37
101,101,31,steel,remote,0.13,17737.00,0.70,1614.07,steel-remote,14000.00,,1.00,14000.00,-12385.93
102,102,37,steel,urban,0.16,34666.00,0.90,4867.11,steel-urban,9000.00,,1.00,9000.00,-4132.89
103,103,19,wood,remote,0.08,9820.00,0.70,529.30,wood-remote,8000.00,,1.00,8000.00,-7470.70
104,104,40,wood,rural,0.19,47425.00,0.80,7246.54,wood-rural,6000.00,,1.00,6000.00,1246.54
105,105,31,wood,remote,0.13,17831.00,0.70,1672.55,wood-remote,8000.00,,1.00,8000.00,-6327.45
106,106,9,steel,urban,0.04,25527.00,0.90,827.07,steel-urban,9000.00,,1.00,9000.00,-8172.93
107,107,42,wood,rural,0.20,47356.00,0.80,7728.50,wood-rural,6000.00,,1.00,6000.00,1728.50
108,108,16,wood,urban,0.07,28739.00,0.90,1758.83,wood-urban,5000.00,,1.00,5000.00,-3241.17
109,109,48,steel,urban,0.21,42103.00,0.90,7881.68,steel-urban,9000.00,,1.00,9000.00,-1118.32
110,110,28,steel,urban,0.12,21011.00,0.90,2193.55,steel-urban,9000.00,,1.00,9000.00,-6806.45
111,111,20,wood,urban,0.09,31625.00,0.90,2419.31,wood-urban,5000.00,,1.00,5000.00,-2580.69
112,112,26,wood,urban,0.11,27763.00,0.90,2823.50,wood-urban,5000.00,,1.00,5000.00,-2176.50
113,113,10,steel,urban,0.04,8819.00,0.90,325.42,steel-urban,9000.00,,1.00,9000.00,-8674.58
114,114,59,wood,urban,0.41,48875.00,0.90,17902.91,wood-urban,5000.00,,1.00,5000.00,12902.91
115,115,47,wood,remote,0.25,25687.00,0.70,4441.28,wood-remote,8000.00,,1.00,8000.00,-3558.72
116,116,57,wood,rural,0.38,53560.00,0.80,16110.85,wood-rural,6000.00,,1.00,6000.00,10110.85
117,117,44,wood,urban,0.22,39280.00,0.90,7742.09,wood-urban,5000.00,,1.00,5000.00,2742.09
118,118,30,wood,rural,0.13,42730.00,0.80,4409.74,wood-rural,6000.00,,1.00,6000.00,-1590.26
119,119,27,wood,urban,0.12,18623.00,0.90,1927.48,wood-urban,5000.00,,1.00,5000.00,-3072.52
120,120,22,steel,urban,0.09,21937.00,0.90,1816.38,steel-urban,9000.00,,1.00,9000.00,-7183.62
121,121,56,wood,rural,0.36,57461.00,0.80,16640.71,wood-rural,6000.00,,1.00,6000.00,10640.71
122,122,52,concrete,rural,0.22,55086.00,0.80,9695.14,concrete-rural,15000.00,,1.00,15000.00,-5304.86
123,123,52,wood,urban,0.31,36253.00,0.90,10016.70,wood-urban,5000.00,,1.00,5000.00,5016.70
124,124,37,concrete,urban,0.15,37905.00,0.90,5185.40,concrete-urban,12000.00,,1.00,12000.00,-6814.60
125,125,17,wood,urban,0.07,18955.00,0.90,1194.17,wood-urban,5000.00,,1.00,5000.00,-3805.84
126,126,16,wood,urban,0.07,16160.00,0.90,959.90,wood-urban,5000.00,,1.00,5000.00,-4040.10
127,127,4,wood,rural,0.02,27058.00,0.80,367.99,wood-rural,6000.00,,1.00,6000.00,-5632.01
128,128,5,wood,urban,0.02,12313.00,0.90,254.88,wood-urban,5000.00,,1.00,5000.00,-4745.12
129,129,50,steel,urban,0.22,45213.00,0.90,8992.87,steel-urban,9000.00,,1.00,9000.00,-7.13
130,130,18,wood,urban,0.07,15679.00,0.90,1030.11,wood-urban,5000.00,,1.00,5000.00,-3969.89
131,131,4,concrete,urban,0.01,14079.00,0.90,190.07,concrete-urban,12000.00,,1.00,12000.00,-11809.93
132,132,59,wood,urban,0.41,50221.00,0.90,18486.35,wood-urban,5000.00,,1.00,5000.00,13486.35
133,133,23,wood,rural,0.10,41354.00,0.80,3175.99,wood-rural,6000.00,,1.00,6000.00,-2824.01
134,134,30,wood,urban,0.13,33210.00,0.90,3915.46,wood-urban,5000.00,,1.00,5000.00,-1084.54
135,135,52,wood,urban,0.30,36321.00,0.90,9970.11,wood-urban,5000.00,,1.00,5000.00,4970.11
136,136,11,wood,urban,0.05,27983.00,0.90,1158.50,wood-urban,5000.00,,1.00,5000.00,-3841.50
137,137,29,concrete,remote,0.12,14933.00,0.70,1254.37,concrete-remote,20000.00,,1.00,20000.00,-18745.63
138,138,24,wood,urban,0.10,30419.00,0.90,2792.46,wood-urban,5000.00,,1.00,5000.00,-2207.54
139,139,56,wood,urban,0.36,31124.00,0.90,10056.16,wood-urban,5000.00,,1.00,5000.00,5056.16
140,140,59,concrete,rural,0.26,59186.00,0.80,12073.94,concrete-rural,15000.00,,1.00,15000.00,-2926.06
141,141,23,wood,urban,0.10,30189.00,0.90,2689.84,wood-urban,5000.00,,1.00,5000.00,-2310.16
142,142,45,wood,remote,0.23,23674.00,0.70,3828.09,wood-remote,8000.00,,1.00,8000.00,-4171.91
144,144,38,wood,rural,0.18,48523.00,0.80,6870.86,wood-rural,6000.00,,1.00,6000.00,870.86
145,145,57,steel,urban,0.27,31690.00,0.90,7615.11,steel-urban,9000.00,,1.00,9000.00,-1384.89
146,146,35,concrete,rural,0.15,45301.00,0.80,5363.64,concrete-rural,15000.00,,1.00,15000.00,-9636.36
147,147,36,steel,rural,0.15,46639.00,0.80,5708.61,steel-rural,11000.00,,1.00,11000.00,-5291.39
148,148,23,concrete,urban,0.09,22012.00,0.90,1862.22,concrete-urban,12000.00,,1.00,12000.00,-10137.78
149,149,32,wood,urban,0.14,35180.00,0.90,4401.02,wood-urban,5000.00,,1.00,5000.00,-598.98
150,150,54,steel,urban,0.24,49282.00,0.90,10866.68,steel-urban,9000.00,,1.00,9000.00,1866.68
151,151,59,wood,urban,0.41,40588.00,0.90,14940.44,wood-urban,5000.00,,1.00,5000.00,9940.44
152,152,34,wood,urban,0.15,38360.00,0.90,5213.12,wood-urban,5000.00,,1.00,5000.00,213.12
153,153,40,wood,urban,0.19,42760.00,0.90,7234.99,wood-urban,5000.00,,1.00,5000.00,2234.99
154,154,13,steel,rural,0.06,34319.00,0.80,1510.04,steel-rural,11000.00,,1.00,11000.00,-9489.96
155,155,59,wood,urban,0.41,46830.00,0.90,17111.68,wood-urban,5000.00,,1.00,5000.00,12111.68
156,156,33,steel,remote,0.14,16722.00,0.70,1603.64,steel-remote,14000.00,,1.00,14000.00,-12396.36
157,157,36,wood,urban,0.17,28877.00,0.90,4288.23,wood-urban,5000.00,,1.00,5000.00,-711.77
158,158,10,wood,rural,0.04,32918.00,0.80,1106.04,wood-rural,6000.00,,1.00,6000.00,-4893.96
159,159,11,wood,urban,0.05,13095.00,0.90,542.13,wood-urban,5000.00,,1.00,5000.00,-4457.87
160,160,58,concrete,urban,0.25,42031.00,0.90,9532.63,concrete-urban,12000.00,,1.00,12000.00,-2467.37
161,161,1,concrete,rural,0.00,28112.00,0.80,67.47,concrete-rural,15000.00,,1.00,15000.00,-14932.53
162,162,12,wood,urban,0.05,25707.00,0.90,1156.82,wood-urban,5000.00,,1.00,5000.00,-3843.18
163,163,47,wood,remote,0.25,25127.00,0.70,4397.22,wood-remote,8000.00,,1.00,8000.00,-3602.78
164,164,3,wood,urban,0.01,24301.00,0.90,284.32,wood-urban,5000.00,,1.00,5000.00,-4715.68
165,165,41,concrete,urban,0.17,41445.00,0.90,6341.09,concrete-urban,12000.00,,1.00,12000.00,-5658.91
166,166,3,wood,urban,0.01,24332.00,0.90,284.68,wood-urban,5000.00,,1.00,5000.00,-4715.32
167,167,10,wood,urban,0.04,9471.00,0.90,358.00,wood-urban,5000.00,,1.00,5000.00,-4642.00
168,168,27,wood,urban,0.11,18332.00,0.90,1880.86,wood-urban,5000.00,,1.00,5000.00,-3119.14
169,169,7,wood,urban,0.03,12658.00,0.90,330.37,wood-urban,5000.00,,1.00,5000.00,-4669.63
170,170,10,steel,rural,0.04,31644.00,0.80,1088.55,steel-rural,11000.00,,1.00,11000.00,-9911.45
171,171,7,wood,urban,0.03,21812.00,0.90,549.66,wood-urban,5000.00,,1.00,5000.00,-4450.34
172,172,41,steel,urban,0.17,34712.00,0.90,5467.14,steel-urban,9000.00,,1.00,9000.00,-3532.86
173,173,34,wood,urban,0.15,21452.00,0.90,2896.02,wood-urban,5000.00,,1.00,5000.00,-2103.98
174,174,56,wood,rural,0.36,56591.00,0.80,16207.66,wood-rural,6000.00,,1.00,6000.00,10207.66
175,175,11,steel,urban,0.05,15209.00,0.90,629.65,steel-urban,9000.00,,1.00,9000.00,-8370.35
176,176,31,wood,rural,0.14,44217.00,0.80,4775.44,wood-rural,6000.00,,1.00,6000.00,-1224.56
177,177,39,wood,rural,0.18,44242.00,0.80,6477.03,wood-rural,6000.00,,1.00,6000.00,477.03
178,178,28,wood,urban,0.12,35912.00,0.90,3846.18,wood-urban,5000.00,,1.00,5000.00,-1153.82
179,179,45,wood,urban,0.23,43707.00,0.90,9047.35,wood-urban,5000.00,,1.00,5000.00,4047.35
180,180,26,steel,rural,0.11,41972.00,0.80,3592.80,steel-rural,11000.00,,1.00,11000.00,-7407.20
181,181,38,wood,remote,0.18,21772.00,0.70,2697.55,wood-remote,8000.00,,1.00,8000.00,-5302.45
182,182,22,wood,urban,0.09,22292.00,0.90,1865.84,wood-urban,5000.00,,1.00,5000.00,-3134.16
183,183,11,wood,rural,0.04,34412.00,0.80,1211.30,wood-rural,6000.00,,1.00,6000.00,-4788.70
184,184,34,wood,urban,0.15,33917.00,0.90,4609.32,wood-urban,5000.00,,1.00,5000.00,-390.68
185,185,36,wood,urban,0.16,23199.00,0.90,3361.54,wood-urban,5000.00,,1.00,5000.00,-1638.46
186,186,31,steel,urban,0.13,20491.00,0.90,2397.45,steel-urban,9000.00,,1.00,9000.00,-6602.55
187,187,1,wood,urban,0.01,22854.00,0.90,123.41,wood-urban,5000.00,,1.00,5000.00,-4876.59
188,188,10,wood,rural,0.04,34459.00,0.80,1185.39,wood-rural,6000.00,,1.00,6000.00,-4814.61
189,189,22,wood,remote,0.09,12189.00,0.70,802.04,wood-remote,8000.00,,1.00,8000.00,-7197.96
190,190,19,wood,urban,0.08,12536.00,0.90,902.59,wood-urban,5000.00,,1.00,5000.00,-4097.41
191,191,55,wood,urban,0.35,43038.00,0.90,13440.77,wood-urban,5000.00,,1.00,5000.00,8440.77
192,192,57,wood,urban,0.38,45017.00,0.90,15233.75,wood-urban,5000.00,,1.00,5000.00,10233.75
193,193,48,wood,urban,0.26,36773.00,0.90,8637.98,wood-urban,5000.00,,1.00,5000.00,3637.98
194,194,7,wood,urban,0.03,24124.00,0.90,629.64,wood-urban,5000.00,,1.00,5000.00,-4370.36
195,195,32,wood,urban,0.14,28743.00,0.90,3647.49,wood-urban,5000.00,,1.00,5000.00,-1352.51
196,196,57,wood,urban,0.37,47743.00,0.90,16070.29,wood-urban,5000.00,,1.00,5000.00,11070.29
197,197,30,steel,urban,0.13,23238.00,0.90,2656.10,steel-urban,9000.00,,1.00,9000.00,-6343.90
198,198,21,wood,urban,0.09,27215.00,0.90,2130.93,wood-urban,5000.00,,1.00,5000.00,-2869.07
199,199,4,wood,urban,0.02,19079.00,0.90,291.91,wood-urban,5000.00,,1.00,5000.00,-4708.09
200,200,31,concrete,urban,0.13,35695.00,0.90,4176.32,concrete-urban,12000.00,,1.00,12000.00,-7823.68
202,202,60,wood,rural,0.42,54178.00,0.80,18377.18,wood-rural,6000.00,,1.00,6000.00,12377.18
203,203,43,steel,urban,0.18,40952.00,0.90,6818.51,steel-urban,9000.00,,1.00,9000.00,-2181.49
204,204,44,steel,remote,0.19,24391.00,0.70,3192.78,steel-remote,14000.00,,1.00,14000.00,-10807.22
205,205,16,steel,urban,0.07,15100.00,0.90,910.53,steel-urban,9000.00,,1.00,9000.00,-8089.47
206,206,30,wood,urban,0.13,35263.00,0.90,4062.30,wood-urban,5000.00,,1.00,5000.00,-937.70
207,207,40,wood,rural,0.19,47613.00,0.80,7199.09,wood-rural,6000.00,,1.00,6000.00,1199.09
208,208,32,wood,rural,0.14,40074.00,0.80,4488.29,wood-rural,6000.00,,1.00,6000.00,-1511.71
209,209,23,steel,urban,0.10,15819.00,0.90,1366.76,steel-urban,9000.00,,1.00,9000.00,-7633.24
210,210,36,concrete,urban,0.15,23783.00,0.90,3167.90,concrete-urban,12000.00,,1.00,12000.00,-8832.10
211,211,21,wood,urban,0.09,30877.00,0.90,2417.67,wood-urban,5000.00,,1.00,5000.00,-2582.33
212,212,3,wood,urban,0.01,6082.00,0.90,54.74,wood-urban,5000.00,,1.00,5000.00,-4945.26
213,213,43,wood,urban,0.21,29094.00,0.90,5524.95,wood-urban,5000.00,,1.00,5000.00,524.95
214,214,43,concrete,rural,0.18,50795.00,0.80,7233.21,concrete-rural,15000.00,,1.00,15000.00,-7766.79
215,215,10,wood,urban,0.04,13591.00,0.90,525.97,wood-urban,5000.00,,1.00,5000.00,-4474.03
216,216,14,wood,urban,0.06,27714.00,0.90,1421.73,wood-urban,5000.00,,1.00,5000.00,-3578.27
217,217,26,concrete,urban,0.11,35565.00,0.90,3456.92,concrete-urban,12000.00,,1.00,12000.00,-8543.08
218,218,54,steel,remote,0.24,28810.00,0.70,4920.75,steel-remote,14000.00,,1.00,14000.00,-9079.25
219,219,27,wood,urban,0.11,36845.00,0.90,3780.30,wood-urban,5000.00,,1.00,5000.00,-1219.70
220,220,33,wood,urban,0.15,40337.00,0.90,5300.28,wood-urban,5000.00,,1.00,5000.00,300.28
221,221,7,concrete,rural,0.03,31692.00,0.80,760.61,concrete-rural,15000.00,,1.00,15000.00,-14239.39
222,222,37,wood,urban,0.17,40874.00,0.90,6216.94,wood-urban,5000.00,,1.00,5000.00,1216.94
223,223,23,wood,urban,0.10,30385.00,0.90,2625.26,wood-urban,5000.00,,1.00,5000.00,-2374.74
224,224,28,concrete,urban,0.12,32954.00,0.90,3440.40,concrete-urban,12000.00,,1.00,12000.00,-8559.60
225,225,16,wood,urban,0.07,18136.00,0.90,1077.28,wood-urban,5000.00,,1.00,5000.00,-3922.72
226,226,57,wood,rural,0.37,57224.00,0.80,17121.42,wood-rural,6000.00,,1.00,6000.00,11121.42
227,227,13,wood,urban,0.06,19014.00,0.90,941.19,wood-urban,5000.00,,1.00,5000.00,-4058.81
228,228,17,wood,urban,0.07,31765.00,0.90,2001.20,wood-urban,5000.00,,1.00,5000.00,-2998.80
229,229,6,wood,rural,0.03,30622.00,0.80,636.94,wood-rural,6000.00,,1.00,6000.00,-5363.06
230,230,54,wood,urban,0.33,31603.00,0.90,9414.53,wood-urban,5000.00,,1.00,5000.00,4414.53
231,231,23,wood,urban,0.10,19630.00,0.90,1696.03,wood-urban,5000.00,,1.00,5000.00,-3303.97
232,232,24,wood,rural,0.10,41045.00,0.80,3283.60,wood-rural,6000.00,,1.00,6000.00,-2716.40
233,233,7,concrete,rural,0.03,29847.00,0.80,692.45,concrete-rural,15000.00,,1.00,15000.00,-14307.55
234,234,17,steel,urban,0.07,16157.00,0.90,1046.97,steel-urban,9000.00,,1.00,9000.00,-7953.03
235,235,5,steel,urban,0.02,25123.00,0.90,474.82,steel-urban,9000.00,,1.00,9000.00,-8525.18
236,236,58,wood,rural,0.39,56811.00,0.80,17770.48,wood-rural,6000.00,,1.00,6000.00,11770.48
237,237,38,wood,urban,0.17,35537.00,0.90,5565.09,wood-urban,5000.00,,1.00,5000.00,565.09
238,238,18,concrete,urban,0.07,15830.00,0.90,1054.28,concrete-urban,12000.00,,1.00,12000.00,-10945.72
239,239,8,wood,urban,0.03,9657.00,0.90,286.81,wood-urban,5000.00,,1.00,5000.00,-4713.19
240,240,11,wood,remote,0.04,7950.00,0.70,244.86,wood-remote,8000.00,,1.00,8000.00,-7755.14
241,241,19,steel,urban,0.08,32844.00,0.90,2364.77,steel-urban,9000.00,,1.00,9000.00,-6635.23
242,242,33,wood,urban,0.14,22004.00,0.90,2851.72,wood-urban,5000.00,,1.00,5000.00,-2148.28
243,243,48,wood,rural,0.26,49483.00,0.80,10252.88,wood-rural,6000.00,,1.00,6000.00,4252.88
244,244,25,wood,urban,0.10,22494.00,0.90,2125.68,wood-urban,5000.00,,1.00,5000.00,-2874.32
245,245,38,wood,rural,0.18,44523.00,0.80,6268.84,wood-rural,6000.00,,1.00,6000.00,268.84
246,246,12,steel,remote,0.05,8030.00,0.70,269.81,steel-remote,14000.00,,1.00,14000.00,-13730.19
247,247,18,concrete,urban,0.08,23936.00,0.90,1637.22,concrete-urban,12000.00,,1.00,12000.00,-10362.78
248,248,46,wood,urban,0.24,40734.00,0.90,8725.22,wood-urban,5000.00,,1.00,5000.00,3725.22
249,249,46,steel,rural,0.20,51383.00,0.80,8180.17,steel-rural,11000.00,,1.00,11000.00,-2819.83
251,251,13,steel,remote,0.05,7138.00,0.70,264.82,steel-remote,14000.00,,1.00,14000.00,-13735.18
252,252,38,steel,rural,0.16,43311.00,0.80,5613.11,steel-rural,11000.00,,1.00,11000.00,-5386.89
253,253,39,wood,remote,0.18,22120.00,0.70,2833.57,wood-remote,8000.00,,1.00,8000.00,-5166.43
254,254,50,steel,urban,0.22,30329.00,0.90,6059.73,steel-urban,9000.00,,1.00,9000.00,-2940.27
255,255,44,wood,urban,0.22,30896.00,0.90,6117.41,wood-urban,5000.00,,1.00,5000.00,1117.41
256,256,53,wood,rural,0.32,53575.00,0.80,13629.48,wood-rural,6000.00,,1.00,6000.00,7629.48
257,257,27,steel,urban,0.11,31645.00,0.90,3189.82,steel-urban,9000.00,,1.00,9000.00,-5810.18
258,258,43,wood,rural,0.21,47264.00,0.80,7978.16,wood-rural,6000.00,,1.00,6000.00,1978.16
259,259,40,wood,urban,0.19,43302.00,0.90,7404.64,wood-urban,5000.00,,1.00,5000.00,2404.64
260,260,51,wood,urban,0.29,35862.00,0.90,9489.09,wood-urban,5000.00,,1.00,5000.00,4489.09
261,261,2,wood,urban,0.01,9666.00,0.90,69.60,wood-urban,5000.00,,1.00,5000.00,-4930.40
262,262,15,wood,urban,0.06,11513.00,0.90,663.15,wood-urban,5000.00,,1.00,5000.00,-4336.85
263,263,20,wood,remote,0.08,11165.00,0.70,656.50,wood-remote,8000.00,,1.00,8000.00,-7343.50
264,264,21,wood,rural,0.09,37012.00,0.80,2664.86,wood-rural,6000.00,,1.00,6000.00,-3335.14
265,265,17,wood,urban,0.07,19863.00,0.90,1305.00,wood-urban,5000.00,,1.00,5000.00,-3695.00
266,266,16,concrete,rural,0.07,34057.00,0.80,1798.21,concrete-rural,15000.00,,1.00,15000.00,-13201.79
267,267,42,concrete,urban,0.17,44110.00,0.90,6947.32,concrete-urban,12000.00,,1.00,12000.00,-5052.68
268,268,20,concrete,urban,0.08,23254.00,0.90,1737.07,concrete-urban,12000.00,,1.00,12000.00,-10262.93
269,269,26,wood,urban,0.11,20481.00,0.90,2027.62,wood-urban,5000.00,,1.00,5000.00,-2972.38
270,270,11,wood,urban,0.04,10631.00,0.90,420.99,wood-urban,5000.00,,1.00,5000.00,-4579.01
271,271,27,wood,urban,0.11,20410.00,0.90,2094.07,wood-urban,5000.00,,1.00,5000.00,-2905.93
272,272,42,wood,remote,0.20,22787.00,0.70,3238.03,wood-remote,8000.00,,1.00,8000.00,-4761.97
273,273,40,wood,rural,0.19,47498.00,0.80,7219.70,wood-rural,6000.00,,1.00,6000.00,1219.70
274,274,37,wood,rural,0.17,47913.00,0.80,6516.17,wood-rural,6000.00,,1.00,6000.00,516.17
275,275,32,wood,urban,0.14,29046.00,0.90,3633.65,wood-urban,5000.00,,1.00,5000.00,-1366.35
276,276,21,concrete,rural,0.09,35832.00,0.80,2522.57,concrete-rural,15000.00,,1.00,15000.00,-12477.43
277,277,26,wood,urban,0.11,21076.00,0.90,2124.46,wood-urban,5000.00,,1.00,5000.00,-2875.54
278,278,22,wood,urban,0.09,16568.00,0.90,1356.92,wood-urban,5000.00,,1.00,5000.00,-3643.08
279,279,32,concrete,rural,0.14,42182.00,0.80,4555.66,concrete-rural,15000.00,,1.00,15000.00,-10444.34
280,280,20,steel,urban,0.08,16407.00,0.90,1240.37,steel-urban,9000.00,,1.00,9000.00,-7759.63
281,281,9,wood,urban,0.04,23346.00,0.90,756.41,wood-urban,5000.00,,1.00,5000.00,-4243.59
282,282,51,wood,urban,0.29,33907.00,0.90,8910.76,wood-urban,5000.00,,1.00,5000.00,3910.76
283,283,39,concrete,rural,0.17,47788.00,0.80,6308.02,concrete-rural,15000.00,,1.00,15000.00,-8691.98
284,284,29,wood,rural,0.12,38872.00,0.80,3856.10,wood-rural,6000.00,,1.00,6000.00,-2143.90
285,285,50,wood,rural,0.28,53774.00,0.80,12088.40,wood-rural,6000.00,,1.00,6000.00,6088.40
286,286,21,concrete,urban,0.09,23854.00,0.90,1846.30,concrete-urban,12000.00,,1.00,12000.00,-10153.70
287,287,35,wood,urban,0.15,38854.00,0.90,5420.13,wood-urban,5000.00,,1.00,5000.00,420.13
288,288,5,wood,urban,0.02,15215.00,0.90,301.26,wood-urban,5000.00,,1.00,5000.00,-4698.74
289,289,48,concrete,rural,0.20,49662.00,0.80,8025.38,concrete-rural,15000.00,,1.00,15000.00,-6974.62
290,290,42,steel,rural,0.18,46057.00,0.80,6595.36,steel-rural,11000.00,,1.00,11000.00,-4404.64
291,291,46,steel,urban,0.20,38943.00,0.90,6974.69,steel-urban,9000.00,,1.00,9000.00,-2025.31
292,292,34,steel,urban,0.14,27441.00,0.90,3506.96,steel-urban,9000.00,,1.00,9000.00,-5493.04
293,293,36,steel,urban,0.15,26420.00,0.90,3542.92,steel-urban,9000.00,,1.00,9000.00,-5457.08
294,294,14,wood,urban,0.06,26338.00,0.90,1351.14,wood-urban,5000.00,,1.00,5000.00,-3648.86
295,295,56,wood,urban,0.36,45925.00,0.90,14962.36,wood-urban,5000.00,,1.00,5000.00,9962.36
296,296,15,wood,rural,0.06,34267.00,0.80,1754.47,wood-rural,6000.00,,1.00,6000.00,-4245.53
297,297,27,steel,urban,0.11,23442.00,0.90,2362.95,steel-urban,9000.00,,1.00,9000.00,-6637.05
298,298,56,concrete,urban,0.24,45883.00,0.90,9910.73,concrete-urban,12000.00,,1.00,12000.00,-2089.27
299,299,16,steel,urban,0.07,13640.00,0.90,810.22,steel-urban,9000.00,,1.00,9000.00,-8189.78
300,300,15,wood,urban,0.06,27830.00,0.90,1577.96,wood-urban,5000.00,,1.00,5000.00,-3422.04
301,301,19,wood,urban,0.08,26910.00,0.90,1913.30,wood-urban,5000.00,,1.00,5000.00,-3086.70
302,302,32,wood,rural,0.14,41248.00,0.80,4652.77,wood-rural,6000.00,,1.00,6000.00,-1347.23
303,303,27,steel,rural,0.11,40380.00,0.80,3618.05,steel-rural,11000.00,,1.00,11000.00,-7381.95
304,304,17,steel,urban,0.07,21733.00,0.90,1408.30,steel-urban,9000.00,,1.00,9000.00,-7591.70
305,305,17,wood,urban,0.07,15151.00,0.90,981.78,wood-urban,5000.00,,1.00,5000.00,-4018.22
306,306,16,wood,urban,0.07,24272.00,0.90,1441.76,wood-urban,5000.00,,1.00,5000.00,-3558.24
307,307,2,wood,urban,0.01,9733.00,0.90,70.08,wood-urban,5000.00,,1.00,5000.00,-4929.92
308,308,43,wood,urban,0.21,30546.00,0.90,5828.18,wood-urban,5000.00,,1.00,5000.00,828.18
309,309,21,wood,rural,0.09,35979.00,0.80,2561.70,wood-rural,6000.00,,1.00,6000.00,-3438.30
310,310,13,wood,rural,0.06,36321.00,0.80,1627.18,wood-rural,6000.00,,1.00,6000.00,-4372.82
311,311,14,wood,urban,0.06,13997.00,0.90,755.84,wood-urban,5000.00,,1.00,5000.00,-4244.16
312,312,43,wood,urban,0.21,27401.00,0.90,5203.45,wood-urban,5000.00,,1.00,5000.00,203.45
313,313,20,wood,urban,0.08,20113.00,0.90,1520.54,wood-urban,5000.00,,1.00,5000.00,-3479.46
314,314,53,wood,urban,0.32,34221.00,0.90,9855.65,wood-urban,5000.00,,1.00,5000.00,4855.65
315,315,38,wood,remote,0.17,21244.00,0.70,2602.39,wood-remote,8000.00,,1.00,8000.00,-5397.61
316,316,24,steel,urban,0.10,20006.00,0.90,1836.55,steel-urban,9000.00,,1.00,9000.00,-7163.45
317,317,47,wood,rural,0.25,52435.00,0.80,10361.16,wood-rural,6000.00,,1.00,6000.00,4361.16
318,318,12,concrete,urban,0.05,25139.00,0.90,1131.26,concrete-urban,12000.00,,1.00,12000.00,-10868.74
319,319,39,wood,rural,0.18,44900.00,0.80,6573.36,wood-rural,6000.00,,1.00,6000.00,573.36
320,320,14,wood,urban,0.06,17172.00,0.90,927.29,wood-urban,5000.00,,1.00,5000.00,-4072.71
321,321,1,steel,urban,0.00,5657.00,0.90,20.37,steel-urban,9000.00,,1.00,9000.00,-8979.63
322,322,27,wood,urban,0.11,17560.00,0.90,1801.66,wood-urban,5000.00,,1.00,5000.00,-3198.34
323,323,41,wood,urban,0.20,38964.00,0.90,6838.18,wood-urban,5000.00,,1.00,5000.00,1838.18
324,324,7,wood,urban,0.03,20787.00,0.90,579.96,wood-urban,5000.00,,1.00,5000.00,-4420.04
325,325,58,steel,remote,0.28,29188.00,0.70,5639.12,steel-remote,14000.00,,1.00,14000.00,-8360.88
326,326,43,wood,urban,0.21,30449.00,0.90,5782.27,wood-urban,5000.00,,1.00,5000.00,782.27
327,327,31,wood,rural,0.13,45079.00,0.80,4832.47,wood-rural,6000.00,,1.00,6000.00,-1167.53
328,328,1,steel,rural,0.00,26846.00,0.80,64.43,steel-rural,11000.00,,1.00,11000.00,-10935.57
329,329,34,concrete,urban,0.14,33627.00,0.90,4267.27,concrete-urban,12000.00,,1.00,12000.00,-7732.73
330,330,39,wood,rural,0.18,44516.00,0.80,6410.30,wood-rural,6000.00,,1.00,6000.00,410.30
331,331,22,wood,urban,0.09,17278.00,0.90,1415.07,wood-urban,5000.00,,1.00,5000.00,-3584.93
332,332,56,steel,urban,0.26,43397.00,0.90,10115.84,steel-urban,9000.00,,1.00,9000.00,1115.84
333,333,33,steel,urban,0.14,24764.00,0.90,3075.69,steel-urban,9000.00,,1.00,9000.00,-5924.31
334,334,32,steel,rural,0.13,40122.00,0.80,4301.08,steel-rural,11000.00,,1.00,11000.00,-6698.92
335,335,14,wood,rural,0.06,35733.00,0.80,1686.60,wood-rural,6000.00,,1.00,6000.00,-4313.40
336,336,33,wood,remote,0.14,17229.00,0.70,1748.74,wood-remote,8000.00,,1.00,8000.00,-6251.26
337,337,20,steel,urban,0.08,31043.00,0.90,2346.85,steel-urban,9000.00,,1.00,9000.00,-6653.15
338,338,58,wood,urban,0.39,44290.00,0.90,15545.79,wood-urban,5000.00,,1.00,5000.00,10545.79
339,339,48,concrete,rural,0.20,48937.00,0.80,7908.22,concrete-rural,15000.00,,1.00,15000.00,-7091.78
340,340,2,wood,urban,0.01,16546.00,0.90,148.91,wood-urban,5000.00,,1.00,5000.00,-4851.09
341,341,7,steel,urban,0.03,14661.00,0.90,382.65,steel-urban,9000.00,,1.00,9000.00,-8617.35
342,342,55,steel,remote,0.25,28000.00,0.70,4919.60,steel-remote,14000.00,,1.00,14000.00,-9080.40
343,343,46,wood,rural,0.24,49968.00,0.80,9513.91,wood-rural,6000.00,,1.00,6000.00,3513.91
344,344,41,wood,remote,0.20,22661.00,0.70,3109.09,wood-remote,8000.00,,1.00,8000.00,-4890.91
345,345,43,wood,urban,0.21,42965.00,0.90,8236.39,wood-urban,5000.00,,1.00,5000.00,3236.39
346,346,49,steel,urban,0.22,30152.00,0.90,5861.55,steel-urban,9000.00,,1.00,9000.00,-3138.45
347,347,55,wood,urban,0.34,35371.00,0.90,10950.86,wood-urban,5000.00,,1.00,5000.00,5950.86
348,348,15,steel,urban,0.06,15172.00,0.90,860.25,steel-urban,9000.00,,1.00,9000.00,-8139.75
349,349,25,wood,urban,0.10,35545.00,0.90,3359.00,wood-urban,5000.00,,1.00,5000.00,-1641.00
350,350,60,concrete,urban,0.26,40139.00,0.90,9464.78,concrete-urban,12000.00,,1.00,12000.00,-2535.22
351,351,56,wood,urban,0.36,41060.00,0.90,13266.49,wood-urban,5000.00,,1.00,5000.00,8266.49
352,352,20,steel,rural,0.08,39638.00,0.80,2663.67,steel-rural,11000.00,,1.00,11000.00,-8336.33
353,353,38,wood,remote,0.18,22000.00,0.70,2725.80,wood-remote,8000.00,,1.00,8000.00,-5274.20
354,354,39,wood,urban,0.18,39463.00,0.90,6499.56,wood-urban,5000.00,,1.00,5000.00,1499.56
355,355,19,wood,urban,0.08,19897.00,0.90,1414.68,wood-urban,5000.00,,1.00,5000.00,-3585.32
356,356,52,wood,urban,0.31,45132.00,0.90,12429.35,wood-urban,5000.00,,1.00,5000.00,7429.35
357,357,31,concrete,rural,0.13,41086.00,0.80,4207.21,concrete-rural,15000.00,,1.00,15000.00,-10792.79
358,358,19,steel,rural,0.08,35268.00,0.80,2285.37,steel-rural,11000.00,,1.00,11000.00,-8714.63
359,359,4,wood,urban,0.02,21325.00,0.90,307.08,wood-urban,5000.00,,1.00,5000.00,-4692.92
360,360,46,wood,urban,0.24,36415.00,0.90,7865.64,wood-urban,5000.00,,1.00,5000.00,2865.64
361,361,54,wood,urban,0.33,32112.00,0.90,9566.16,wood-urban,5000.00,,1.00,5000.00,4566.16
362,362,57,wood,urban,0.38,46933.00,0.90,15839.89,wood-urban,5000.00,,1.00,5000.00,10839.89
363,363,25,wood,urban,0.10,27317.00,0.90,2556.87,wood-urban,5000.00,,1.00,5000.00,-2443.13
364,364,58,wood,rural,0.39,57094.00,0.80,17859.00,wood-rural,6000.00,,1.00,6000.00,11859.00
365,365,30,wood,urban,0.13,30496.00,0.90,3595.48,wood-urban,5000.00,,1.00,5000.00,-1404.52
366,366,10,wood,urban,0.04,18218.00,0.90,655.85,wood-urban,5000.00,,1.00,5000.00,-4344.15
367,367,42,wood,urban,0.21,30885.00,0.90,5726.08,wood-urban,5000.00,,1.00,5000.00,726.08
368,368,21,steel,remote,0.09,12567.00,0.70,774.13,steel-remote,14000.00,,1.00,14000.00,-13225.87
369,369,24,steel,urban,0.10,32982.00,0.90,2998.06,steel-urban,9000.00,,1.00,9000.00,-6001.94
370,370,45,wood,remote,0.23,23255.00,0.70,3711.50,wood-remote,8000.00,,1.00,8000.00,-4288.50
371,371,8,wood,urban,0.03,14375.00,0.90,401.06,wood-urban,5000.00,,1.00,5000.00,-4598.94
372,372,4,wood,remote,0.02,3149.00,0.70,39.68,wood-remote,8000.00,,1.00,8000.00,-7960.32
373,373,9,wood,rural,0.04,33558.00,0.80,1020.16,wood-rural,6000.00,,1.00,6000.00,-4979.84
374,374,49,wood,remote,0.27,26180.00,0.70,4966.35,wood-remote,8000.00,,1.00,8000.00,-3033.65
375,375,59,wood,urban,0.41,34794.00,0.90,12776.36,wood-urban,5000.00,,1.00,5000.00,7776.36
376,376,54,steel,urban,0.25,34208.00,0.90,7604.44,steel-urban,9000.00,,1.00,9000.00,-1395.56
377,377,19,wood,rural,0.08,37127.00,0.80,2376.13,wood-rural,6000.00,,1.00,6000.00,-3623.87
378,378,34,wood,urban,0.15,28291.00,0.90,3870.21,wood-urban,5000.00,,1.00,5000.00,-1129.79
379,379,4,concrete,urban,0.01,23216.00,0.90,313.42,concrete-urban,12000.00,,1.00,12000.00,-11686.58
380,380,36,wood,rural,0.16,45636.00,0.80,5950.93,wood-rural,6000.00,,1.00,6000.00,-49.07
381,381,60,wood,urban,0.42,40837.00,0.90,15546.65,wood-urban,5000.00,,1.00,5000.00,10546.65
382,382,59,wood,urban,0.41,53359.00,0.90,19641.45,wood-urban,5000.00,,1.00,5000.00,14641.45
383,383,4,wood,rural,0.02,28080.00,0.80,426.82,wood-rural,6000.00,,1.00,6000.00,-5573.18
384,384,30,concrete,rural,0.13,42226.00,0.80,4222.60,concrete-rural,15000.00,,1.00,15000.00,-10777.40
385,385,3,wood,urban,0.01,25249.00,0.90,272.69,wood-urban,5000.00,,1.00,5000.00,-4727.31
386,386,3,wood,rural,0.01,31060.00,0.80,347.87,wood-rural,6000.00,,1.00,6000.00,-5652.13
387,387,3,wood,urban,0.01,19293.00,0.90,243.09,wood-urban,5000.00,,1.00,5000.00,-4756.91
388,388,44,wood,urban,0.22,27538.00,0.90,5427.74,wood-urban,5000.00,,1.00,5000.00,427.74
389,389,18,wood,urban,0.07,12531.00,0.90,845.84,wood-urban,5000.00,,1.00,5000.00,-4154.16
390,390,35,wood,rural,0.16,43539.00,0.80,5468.50,wood-rural,6000.00,,1.00,6000.00,-531.50
391,391,12,wood,urban,0.05,12332.00,0.90,577.14,wood-urban,5000.00,,1.00,5000.00,-4422.86
392,392,57,wood,urban,0.38,47136.00,0.90,15950.82,wood-urban,5000.00,,1.00,5000.00,10950.82
393,393,60,wood,rural,0.42,59210.00,0.80,20036.66,wood-rural,6000.00,,1.00,6000.00,14036.66
394,394,14,steel,remote,0.06,7942.00,0.70,311.33,steel-remote,14000.00,,1.00,14000.00,-13688.67
395,395,50,steel,urban,0.22,46057.00,0.90,9077.83,steel-urban,9000.00,,1.00,9000.00,77.83
396,396,7,steel,urban,0.03,19551.00,0.90,510.28,steel-urban,9000.00,,1.00,9000.00,-8489.72
397,397,28,wood,urban,0.12,33505.00,0.90,3678.85,wood-urban,5000.00,,1.00,5000.00,-1321.15
398,398,34,wood,urban,0.15,32342.00,0.90,4453.49,wood-urban,5000.00,,1.00,5000.00,-546.51
399,399,60,wood,rural,0.42,54263.00,0.80,18362.60,wood-rural,6000.00,,1.00,6000.00,12362.60
400,400,26,wood,urban,0.11,21536.00,0.90,2151.45,wood-urban,5000.00,,1.00,5000.00,-2848.55
401,401,18,steel,urban,0.08,20491.00,0.90,1401.58,steel-urban,9000.00,,1.00,9000.00,-7598.42
402,402,49,wood,urban,0.27,29614.00,0.90,7222.85,wood-urban,5000.00,,1.00,5000.00,2222.85
403,403,25,wood,urban,0.10,26470.00,0.90,2501.41,wood-urban,5000.00,,1.00,5000.00,-2498.59
404,404,3,wood,rural,0.01,26155.00,0.80,230.16,wood-rural,6000.00,,1.00,6000.00,-5769.84
405,405,19,concrete,urban,0.08,16235.00,0.90,1154.31,concrete-urban,12000.00,,1.00,12000.00,-10845.69
406,406,41,wood,rural,0.20,47667.00,0.80,7436.05,wood-rural,6000.00,,1.00,6000.00,1436.05
407,407,31,wood,urban,0.13,18623.00,0.90,2245.93,wood-urban,5000.00,,1.00,5000.00,-2754.07
408,408,58,wood,remote,0.39,30468.00,0.70,8381.75,wood-remote,8000.00,,1.00,8000.00,381.75
409,409,45,steel,urban,0.19,42597.00,0.90,7437.44,steel-urban,9000.00,,1.00,9000.00,-1562.56
410,410,40,wood,urban,0.19,36716.00,0.90,6278.44,wood-urban,5000.00,,1.00,5000.00,1278.44
411,411,44,wood,urban,0.22,30809.00,0.90,6155.64,wood-urban,5000.00,,1.00,5000.00,1155.64
412,412,31,steel,rural,0.13,40961.00,0.80,4259.94,steel-rural,11000.00,,1.00,11000.00,-6740.06
413,413,45,steel,urban,0.19,46136.00,0.90,8055.35,steel-urban,9000.00,,1.00,9000.00,-944.65
414,414,35,wood,urban,0.16,23344.00,0.90,3277.50,wood-urban,5000.00,,1.00,5000.00,-1722.50
415,415,51,wood,remote,0.29,26578.00,0.70,5488.36,wood-remote,8000.00,,1.00,8000.00,-2511.64
416,416,48,wood,rural,0.26,49009.00,0.80,10115.46,wood-rural,6000.00,,1.00,6000.00,4115.46
417,417,12,concrete,urban,0.05,11253.00,0.90,516.51,concrete-urban,12000.00,,1.00,12000.00,-11483.49
418,418,11,concrete,rural,0.04,32858.00,0.80,1156.60,concrete-rural,15000.00,,1.00,15000.00,-13843.40
419,419,2,wood,urban,0.01,18289.00,0.90,148.14,wood-urban,5000.00,,1.00,5000.00,-4851.86
420,420,51,wood,remote,0.29,25560.00,0.70,5206.57,wood-remote,8000.00,,1.00,8000.00,-2793.43
421,421,44,wood,urban,0.22,39965.00,0.90,7985.01,wood-urban,5000.00,,1.00,5000.00,2985.01
422,422,50,wood,urban,0.28,45442.00,0.90,11492.28,wood-urban,5000.00,,1.00,5000.00,6492.28
423,423,30,wood,urban,0.13,28469.00,0.90,3330.87,wood-urban,5000.00,,1.00,5000.00,-1669.13
424,424,19,steel,urban,0.08,26304.00,0.90,1893.89,steel-urban,9000.00,,1.00,9000.00,-7106.11
425,425,29,steel,urban,0.12,32706.00,0.90,3532.25,steel-urban,9000.00,,1.00,9000.00,-5467.75
426,426,26,wood,remote,0.11,15370.00,0.70,1194.25,wood-remote,8000.00,,1.00,8000.00,-6805.75
427,427,41,wood,urban,0.20,23602.00,0.90,4184.63,wood-urban,5000.00,,1.00,5000.00,-815.37
428,428,45,wood,remote,0.23,25173.00,0.70,4052.85,wood-remote,8000.00,,1.00,8000.00,-3947.15
429,429,47,steel,urban,0.20,36620.00,0.90,6690.47,steel-urban,9000.00,,1.00,9000.00,-2309.53
431,431,1,steel,urban,0.01,14054.00,0.90,75.89,steel-urban,9000.00,,1.00,9000.00,-8924.11
432,432,20,wood,urban,0.08,16432.00,0.90,1227.47,wood-urban,5000.00,,1.00,5000.00,-3772.53
433,433,60,steel,urban,0.29,40413.00,0.90,10547.79,steel-urban,9000.00,,1.00,9000.00,1547.79
434,434,15,concrete,urban,0.06,14388.00,0.90,789.90,concrete-urban,12000.00,,1.00,12000.00,-11210.10
435,435,17,concrete,urban,0.07,17963.00,0.90,1147.84,concrete-urban,12000.00,,1.00,12000.00,-10852.16
436,436,8,wood,rural,0.03,30893.00,0.80,766.15,wood-rural,6000.00,,1.00,6000.00,-5233.85
437,437,54,wood,remote,0.33,27973.00,0.70,6461.76,wood-remote,8000.00,,1.00,8000.00,-1538.24
438,438,3,wood,urban,0.01,22233.00,0.90,260.13,wood-urban,5000.00,,1.00,5000.00,-4739.87
439,439,4,steel,urban,0.02,23714.00,0.90,384.17,steel-urban,9000.00,,1.00,9000.00,-8615.83
440,440,36,steel,urban,0.15,36558.00,0.90,5034.04,steel-urban,9000.00,,1.00,9000.00,-3965.96
441,441,41,concrete,urban,0.17,32146.00,0.90,5005.13,concrete-urban,12000.00,,1.00,12000.00,-6994.87
442,442,15,concrete,urban,0.06,26738.00,0.90,1491.98,concrete-urban,12000.00,,1.00,12000.00,-10508.02
443,443,54,wood,rural,0.33,56219.00,0.80,14976.74,wood-rural,6000.00,,1.00,6000.00,8976.74
444,444,42,wood,urban,0.20,32700.00,0.90,5974.29,wood-urban,5000.00,,1.00,5000.00,974.29
445,445,33,steel,urban,0.14,30037.00,0.90,3757.63,steel-urban,9000.00,,1.00,9000.00,-5242.37
446,446,41,concrete,urban,0.17,42815.00,0.90,6666.30,concrete-urban,12000.00,,1.00,12000.00,-5333.70
447,447,27,wood,urban,0.12,37184.00,0.90,3882.01,wood-urban,5000.00,,1.00,5000.00,-1117.99
448,448,31,steel,urban,0.13,34803.00,0.90,4009.31,steel-urban,9000.00,,1.00,9000.00,-4990.69
449,449,18,steel,urban,0.08,30041.00,0.90,2054.80,steel-urban,9000.00,,1.00,9000.00,-6945.20
450,450,14,wood,urban,0.06,11992.00,0.90,625.98,wood-urban,5000.00,,1.00,5000.00,-4374.02
451,451,55,wood,urban,0.34,40342.00,0.90,12489.88,wood-urban,5000.00,,1.00,5000.00,7489.88
452,452,36,wood,urban,0.16,27326.00,0.90,4008.72,wood-urban,5000.00,,1.00,5000.00,-991.28
453,453,34,wood,remote,0.15,17344.00,0.70,1845.40,wood-remote,8000.00,,1.00,8000.00,-6154.60
454,454,6,wood,urban,0.02,22779.00,0.90,492.03,wood-urban,5000.00,,1.00,5000.00,-4507.97
455,455,41,wood,rural,0.20,46107.00,0.80,7192.69,wood-rural,6000.00,,1.00,6000.00,1192.69
456,456,30,wood,urban,0.13,30258.00,0.90,3512.95,wood-urban,5000.00,,1.00,5000.00,-1487.05
457,457,59,steel,urban,0.28,33135.00,0.90,8439.48,steel-urban,9000.00,,1.00,9000.00,-560.52
458,458,34,steel,urban,0.14,30932.00,0.90,4036.63,steel-urban,9000.00,,1.00,9000.00,-4963.37
459,459,34,wood,urban,0.15,36281.00,0.90,4865.28,wood-urban,5000.00,,1.00,5000.00,-134.72
460,460,22,wood,rural,0.09,35201.00,0.80,2590.79,wood-rural,6000.00,,1.00,6000.00,-3409.21
461,461,30,steel,urban,0.13,18318.00,0.90,2093.75,steel-urban,9000.00,,1.00,9000.00,-6906.25
462,462,43,wood,remote,0.21,23111.00,0.70,3429.67,wood-remote,8000.00,,1.00,8000.00,-4570.33
463,463,20,concrete,urban,0.08,24606.00,0.90,1838.07,concrete-urban,12000.00,,1.00,12000.00,-10161.93
464,464,58,wood,urban,0.39,49169.00,0.90,17346.82,wood-urban,5000.00,,1.00,5000.00,12346.82
465,465,49,wood,rural,0.27,53537.00,0.80,11478.33,wood-rural,6000.00,,1.00,6000.00,5478.33
466,466,52,wood,rural,0.31,50309.00,0.80,12355.89,wood-rural,6000.00,,1.00,6000.00,6355.89
467,467,30,concrete,urban,0.13,21796.00,0.90,2452.05,concrete-urban,12000.00,,1.00,12000.00,-9547.95
468,468,6,steel,urban,0.03,13888.00,0.90,312.48,steel-urban,9000.00,,1.00,9000.00,-8687.52
469,469,7,concrete,remote,0.03,5404.00,0.70,109.70,concrete-remote,20000.00,,1.00,20000.00,-19890.30
470,470,41,wood,urban,0.20,28060.00,0.90,4924.53,wood-urban,5000.00,,1.00,5000.00,-75.47
471,471,15,steel,urban,0.06,28766.00,0.90,1631.03,steel-urban,9000.00,,1.00,9000.00,-7368.97
472,472,47,wood,urban,0.25,33797.00,0.90,7573.91,wood-urban,5000.00,,1.00,5000.00,2573.91
473,473,22,wood,urban,0.09,23824.00,0.90,2015.51,wood-urban,5000.00,,1.00,5000.00,-2984.49
474,474,39,wood,urban,0.18,32536.00,0.90,5387.96,wood-urban,5000.00,,1.00,5000.00,387.96
475,475,6,wood,rural,0.02,30819.00,0.80,591.72,wood-rural,6000.00,,1.00,6000.00,-5408.28
476,476,12,wood,remote,0.05,6739.00,0.70,245.30,wood-remote,8000.00,,1.00,8000.00,-7754.70
477,477,27,concrete,urban,0.11,20951.00,0.90,2130.72,concrete-urban,12000.00,,1.00,12000.00,-9869.28
478,478,19,steel,urban,0.08,26694.00,0.90,1921.97,steel-urban,9000.00,,1.00,9000.00,-7078.03
479,479,48,steel,rural,0.21,51061.00,0.80,8578.25,steel-rural,11000.00,,1.00,11000.00,-2421.75
480,480,3,concrete,urban,0.01,12209.00,0.90,131.86,concrete-urban,12000.00,,1.00,12000.00,-11868.14
481,481,30,concrete,urban,0.12,30980.00,0.90,3429.49,concrete-urban,12000.00,,1.00,12000.00,-8570.51
482,482,53,wood,rural,0.32,52177.00,0.80,13273.83,wood-rural,6000.00,,1.00,6000.00,7273.83
483,483,9,wood,rural,0.04,31303.00,0.80,1001.70,wood-rural,6000.00,,1.00,6000.00,-4998.30
484,484,27,wood,urban,0.12,20327.00,0.90,2103.84,wood-urban,5000.00,,1.00,5000.00,-2896.16
485,485,4,wood,urban,0.01,25040.00,0.90,338.04,wood-urban,5000.00,,1.00,5000.00,-4661.96
486,486,41,wood,urban,0.20,43427.00,0.90,7777.78,wood-urban,5000.00,,1.00,5000.00,2777.78
487,487,18,wood,rural,0.07,33474.00,0.80,1981.66,wood-rural,6000.00,,1.00,6000.00,-4018.34
488,488,28,wood,urban,0.12,26006.00,0.90,2808.65,wood-urban,5000.00,,1.00,5000.00,-2191.35
489,489,38,wood,urban,0.18,38293.00,0.90,6100.07,wood-urban,5000.00,,1.00,5000.00,1100.07
490,490,12,wood,urban,0.05,24905.00,0.90,1165.55,wood-urban,5000.00,,1.00,5000.00,-3834.45
491,491,47,steel,urban,0.20,45157.00,0.90,8250.18,steel-urban,9000.00,,1.00,9000.00,-749.82
492,492,14,wood,urban,0.06,11803.00,0.90,637.36,wood-urban,5000.00,,1.00,5000.00,-4362.64
493,493,16,concrete,rural,0.07,36152.00,0.80,1937.75,concrete-rural,15000.00,,1.00,15000.00,-13062.25
494,494,57,wood,urban,0.38,45459.00,0.90,15342.41,wood-urban,5000.00,,1.00,5000.00,10342.41
495,495,45,wood,urban,0.23,30214.00,0.90,6227.11,wood-urban,5000.00,,1.00,5000.00,1227.11
496,496,10,steel,urban,0.04,12498.00,0.90,483.67,steel-urban,9000.00,,1.00,9000.00,-8516.33
497,497,46,wood,rural,0.24,48410.00,0.80,9255.99,wood-rural,6000.00,,1.00,6000.00,3255.99
498,498,56,steel,urban,0.26,39913.00,0.90,9339.64,steel-urban,9000.00,,1.00,9000.00,339.64
499,499,6,steel,urban,0.02,16870.00,0.90,349.21,steel-urban,9000.00,,1.00,9000.00,-8650.79
500,500,56,wood,rural,0.36,55895.00,0.80,16187.19,wood-rural,6000.00,,1.00,6000.00,10187.19
501,501,46,wood,urban,0.24,26099.00,0.90,5637.38,wood-urban,5000.00,,1.00,5000.00,637.38
502,502,15,wood,urban,0.06,27086.00,0.90,1511.40,wood-urban,5000.00,,1.00,5000.00,-3488.60
503,503,26,wood,rural,0.11,38758.00,0.80,3410.70,wood-rural,6000.00,,1.00,6000.00,-2589.30
504,504,24,wood,urban,0.10,31037.00,0.90,2821.26,wood-urban,5000.00,,1.00,5000.00,-2178.74
505,505,9,wood,urban,0.04,26351.00,0.90,853.77,wood-urban,5000.00,,1.00,5000.00,-4146.23
506,506,43,steel,urban,0.18,35044.00,0.90,5771.75,steel-urban,9000.00,,1.00,9000.00,-3228.25
507,507,32,wood,urban,0.14,32532.00,0.90,4157.59,wood-urban,5000.00,,1.00,5000.00,-842.41
508,508,54,wood,urban,0.33,39362.00,0.90,11690.51,wood-urban,5000.00,,1.00,5000.00,6690.51
509,509,24,wood,urban,0.10,20088.00,0.90,1844.08,wood-urban,5000.00,,1.00,5000.00,-3155.92
510,510,12,wood,rural,0.05,32089.00,0.80,1283.56,wood-rural,6000.00,,1.00,6000.00,-4716.44
511,511,25,wood,rural,0.11,39074.00,0.80,3313.48,wood-rural,6000.00,,1.00,6000.00,-2686.52
512,512,57,wood,urban,0.38,42267.00,0.90,14265.11,wood-urban,5000.00,,1.00,5000.00,9265.11
513,513,33,wood,remote,0.14,16494.00,0.70,1674.14,wood-remote,8000.00,,1.00,8000.00,-6325.86
514,514,54,wood,urban,0.33,34416.00,0.90,10221.55,wood-urban,5000.00,,1.00,5000.00,5221.55
515,515,8,wood,remote,0.03,5774.00,0.70,133.38,wood-remote,8000.00,,1.00,8000.00,-7866.62
516,516,54,steel,urban,0.25,40570.00,0.90,9018.71,steel-urban,9000.00,,1.00,9000.00,18.71
517,517,53,wood,urban,0.32,41547.00,0.90,11890.75,wood-urban,5000.00,,1.00,5000.00,6890.75
518,518,12,wood,urban,0.05,15948.00,0.90,732.01,wood-urban,5000.00,,1.00,5000.00,-4267.99
519,519,35,wood,rural,0.15,47280.00,0.80,5862.72,wood-rural,6000.00,,1.00,6000.00,-137.28
520,520,60,wood,remote,0.42,32435.00,0.70,9604.00,wood-remote,8000.00,,1.00,8000.00,1604.00
521,521,14,wood,urban,0.06,23084.00,0.90,1225.76,wood-urban,5000.00,,1.00,5000.00,-3774.24
522,522,11,concrete,remote,0.05,6745.00,0.70,226.63,concrete-remote,20000.00,,1.00,20000.00,-19773.37
523,523,34,wood,urban,0.15,36328.00,0.90,5002.37,wood-urban,5000.00,,1.00,5000.00,2.37
524,524,15,concrete,remote,0.06,10247.00,0.70,459.07,concrete-remote,20000.00,,1.00,20000.00,-19540.93
525,525,25,wood,rural,0.11,41405.00,0.80,3511.14,wood-rural,6000.00,,1.00,6000.00,-2488.86
526,526,17,wood,remote,0.07,11082.00,0.70,558.53,wood-remote,8000.00,,1.00,8000.00,-7441.47
527,527,25,wood,rural,0.10,40362.00,0.80,3358.12,wood-rural,6000.00,,1.00,6000.00,-2641.88
528,528,24,wood,urban,0.10,16774.00,0.90,1524.76,wood-urban,5000.00,,1.00,5000.00,-3475.24
529,529,51,wood,urban,0.29,49074.00,0.90,12940.81,wood-urban,5000.00,,1.00,5000.00,7940.81
530,530,51,steel,rural,0.23,52147.00,0.80,9469.90,steel-rural,11000.00,,1.00,11000.00,-1530.10
531,531,43,concrete,rural,0.18,45487.00,0.80,6550.13,concrete-rural,15000.00,,1.00,15000.00,-8449.87
532,532,25,steel,urban,0.10,27604.00,0.90,2583.73,steel-urban,9000.00,,1.00,9000.00,-6416.27
533,533,48,wood,urban,0.26,36342.00,0.90,8504.03,wood-urban,5000.00,,1.00,5000.00,3504.03
534,534,60,wood,urban,0.42,40389.00,0.90,15412.44,wood-urban,5000.00,,1.00,5000.00,10412.44
535,535,27,wood,rural,0.11,41053.00,0.80,3711.19,wood-rural,6000.00,,1.00,6000.00,-2288.81
536,536,19,wood,rural,0.08,35088.00,0.80,2273.70,wood-rural,6000.00,,1.00,6000.00,-3726.30
537,537,16,wood,urban,0.07,19365.00,0.90,1132.85,wood-urban,5000.00,,1.00,5000.00,-3867.15
538,538,57,wood,remote,0.38,29881.00,0.70,7885.60,wood-remote,8000.00,,1.00,8000.00,-114.40
539,539,37,wood,urban,0.17,22367.00,0.90,3422.15,wood-urban,5000.00,,1.00,5000.00,-1577.85
540,540,58,concrete,urban,0.25,45430.00,0.90,10180.86,concrete-urban,12000.00,,1.00,12000.00,-1819.14
541,541,6,steel,remote,0.02,3899.00,0.70,65.50,steel-remote,14000.00,,1.00,14000.00,-13934.50
542,542,34,wood,remote,0.15,18734.00,0.70,1967.07,wood-remote,8000.00,,1.00,8000.00,-6032.93
543,543,18,wood,rural,0.08,37867.00,0.80,2302.31,wood-rural,6000.00,,1.00,6000.00,-3697.69
544,544,40,steel,urban,0.17,29806.00,0.90,4506.67,steel-urban,9000.00,,1.00,9000.00,-4493.33
545,545,59,wood,urban,0.41,32718.00,0.90,12014.05,wood-urban,5000.00,,1.00,5000.00,7014.05
546,546,58,wood,urban,0.39,37634.00,0.90,13243.40,wood-urban,5000.00,,1.00,5000.00,8243.40
547,547,48,steel,rural,0.21,54090.00,0.80,9087.12,steel-rural,11000.00,,1.00,11000.00,-1912.88
548,548,4,wood,urban,0.01,19058.00,0.90,257.28,wood-urban,5000.00,,1.00,5000.00,-4742.72
549,549,15,steel,urban,0.06,21280.00,0.90,1187.42,steel-urban,9000.00,,1.00,9000.00,-7812.58
550,550,26,steel,urban,0.11,20736.00,0.90,1996.88,steel-urban,9000.00,,1.00,9000.00,-7003.12
551,551,19,steel,urban,0.08,18004.00,0.90,1296.29,steel-urban,9000.00,,1.00,9000.00,-7703.71
552,552,7,wood,rural,0.03,33088.00,0.80,741.17,wood-rural,6000.00,,1.00,6000.00,-5258.83
553,553,11,wood,urban,0.05,17687.00,0.90,732.24,wood-urban,5000.00,,1.00,5000.00,-4267.76
554,554,14,wood,rural,0.06,35157.00,0.80,1631.28,wood-rural,6000.00,,1.00,6000.00,-4368.72
555,555,15,wood,rural,0.06,35321.00,0.80,1723.66,wood-rural,6000.00,,1.00,6000.00,-4276.34
556,556,45,wood,urban,0.23,28778.00,0.90,5931.15,wood-urban,5000.00,,1.00,5000.00,931.15
557,557,27,wood,rural,0.12,41817.00,0.80,3880.62,wood-rural,6000.00,,1.00,6000.00,-2119.38
558,558,48,wood,urban,0.26,38650.00,0.90,9009.32,wood-urban,5000.00,,1.00,5000.00,4009.32
559,559,56,steel,urban,0.26,48900.00,0.90,11354.58,steel-urban,9000.00,,1.00,9000.00,2354.58
560,560,24,wood,rural,0.10,38832.00,0.80,3106.56,wood-rural,6000.00,,1.00,6000.00,-2893.44
561,561,31,wood,remote,0.14,18572.00,0.70,1768.05,wood-remote,8000.00,,1.00,8000.00,-6231.95
562,562,19,steel,urban,0.08,22140.00,0.90,1534.30,steel-urban,9000.00,,1.00,9000.00,-7465.70
563,563,44,wood,urban,0.22,26875.00,0.90,5369.63,wood-urban,5000.00,,1.00,5000.00,369.63
564,564,30,steel,urban,0.13,37400.00,0.90,4274.82,steel-urban,9000.00,,1.00,9000.00,-4725.18
565,565,40,wood,urban,0.19,37615.00,0.90,6398.31,wood-urban,5000.00,,1.00,5000.00,1398.31
566,566,52,wood,urban,0.30,29076.00,0.90,7955.19,wood-urban,5000.00,,1.00,5000.00,2955.19
567,567,29,wood,urban,0.13,21476.00,0.90,2416.05,wood-urban,5000.00,,1.00,5000.00,-2583.95
568,568,41,steel,urban,0.18,35670.00,0.90,5650.13,steel-urban,9000.00,,1.00,9000.00,-3349.87
569,569,7,concrete,urban,0.03,22225.00,0.90,600.08,concrete-urban,12000.00,,1.00,12000.00,-11399.92
570,570,56,wood,urban,0.36,31604.00,0.90,10211.25,wood-urban,5000.00,,1.00,5000.00,5211.25
571,571,44,wood,rural,0.22,46893.00,0.80,8365.71,wood-rural,6000.00,,1.00,6000.00,2365.71
572,572,48,concrete,rural,0.20,50452.00,0.80,8112.68,concrete-rural,15000.00,,1.00,15000.00,-6887.32
573,573,20,wood,urban,0.08,29921.00,0.90,2235.10,wood-urban,5000.00,,1.00,5000.00,-2764.90
574,574,45,wood,urban,0.23,40445.00,0.90,8372.11,wood-urban,5000.00,,1.00,5000.00,3372.11
575,575,1,steel,urban,0.01,10084.00,0.90,45.38,steel-urban,9000.00,,1.00,9000.00,-8954.62
577,577,53,concrete,urban,0.22,37346.00,0.90,7495.34,concrete-urban,12000.00,,1.00,12000.00,-4504.66
578,578,12,steel,remote,0.05,7997.00,0.70,285.49,steel-remote,14000.00,,1.00,14000.00,-13714.51
579,579,28,wood,remote,0.12,15137.00,0.70,1282.10,wood-remote,8000.00,,1.00,8000.00,-6717.90
580,580,39,wood,rural,0.18,48788.00,0.80,7142.56,wood-rural,6000.00,,1.00,6000.00,1142.56
581,581,7,concrete,urban,0.03,7626.00,0.90,199.04,concrete-urban,12000.00,,1.00,12000.00,-11800.96
582,582,14,steel,urban,0.06,15306.00,0.90,812.75,steel-urban,9000.00,,1.00,9000.00,-8187.25
583,583,11,wood,urban,0.05,14543.00,0.90,602.08,wood-urban,5000.00,,1.00,5000.00,-4397.92
584,584,32,concrete,urban,0.13,19920.00,0.90,2384.42,concrete-urban,12000.00,,1.00,12000.00,-9615.58
585,585,35,wood,urban,0.16,39105.00,0.90,5525.54,wood-urban,5000.00,,1.00,5000.00,525.54
586,586,54,wood,urban,0.33,33745.00,0.90,10083.01,wood-urban,5000.00,,1.00,5000.00,5083.01
587,587,30,wood,urban,0.13,21725.00,0.90,2522.27,wood-urban,5000.00,,1.00,5000.00,-2477.73
588,588,52,wood,rural,0.31,52392.00,0.80,12867.48,wood-rural,6000.00,,1.00,6000.00,6867.48
589,589,48,wood,urban,0.26,41867.00,0.90,9721.52,wood-urban,5000.00,,1.00,5000.00,4721.52
590,590,28,wood,urban,0.12,21107.00,0.90,2298.55,wood-urban,5000.00,,1.00,5000.00,-2701.45
591,591,29,wood,urban,0.13,34516.00,0.90,3914.11,wood-urban,5000.00,,1.00,5000.00,-1085.89
592,592,10,wood,urban,0.04,23009.00,0.90,849.03,wood-urban,5000.00,,1.00,5000.00,-4150.97
593,593,36,wood,remote,0.16,18120.00,0.70,2067.49,wood-remote,8000.00,,1.00,8000.00,-5932.51
594,594,32,wood,urban,0.14,28155.00,0.90,3572.87,wood-urban,5000.00,,1.00,5000.00,-1427.13
595,595,35,steel,urban,0.14,25745.00,0.90,3359.72,steel-urban,9000.00,,1.00,9000.00,-5640.28
596,596,26,concrete,urban,0.11,29768.00,0.90,2866.66,concrete-urban,12000.00,,1.00,12000.00,-9133.34
597,597,53,wood,remote,0.32,29181.00,0.70,6475.26,wood-remote,8000.00,,1.00,8000.00,-1524.74
598,598,51,wood,rural,0.29,52600.00,0.80,12287.36,wood-rural,6000.00,,1.00,6000.00,6287.36
599,599,29,wood,remote,0.13,14561.00,0.70,1274.09,wood-remote,8000.00,,1.00,8000.00,-6725.91
600,600,49,wood,urban,0.27,33620.00,0.90,8169.66,wood-urban,5000.00,,1.00,5000.00,3169.66
601,601,33,wood,rural,0.15,44815.00,0.80,5270.24,wood-rural,6000.00,,1.00,6000.00,-729.76
602,602,14,wood,urban,0.06,24856.00,0.90,1319.85,wood-urban,5000.00,,1.00,5000.00,-3680.15
603,603,3,steel,remote,0.01,3348.00,0.70,28.12,steel-remote,14000.00,,1.00,14000.00,-13971.88
604,604,23,wood,urban,0.10,24082.00,0.90,2102.36,wood-urban,5000.00,,1.00,5000.00,-2897.64
605,605,53,wood,urban,0.32,48575.00,0.90,13902.17,wood-urban,5000.00,,1.00,5000.00,8902.17
606,606,53,wood,urban,0.32,31819.00,0.90,9077.96,wood-urban,5000.00,,1.00,5000.00,4077.96
607,607,59,wood,urban,0.41,45795.00,0.90,16733.49,wood-urban,5000.00,,1.00,5000.00,11733.49
608,608,26,wood,urban,0.11,25548.00,0.90,2552.25,wood-urban,5000.00,,1.00,5000.00,-2447.75
609,609,22,wood,urban,0.09,20832.00,0.90,1724.89,wood-urban,5000.00,,1.00,5000.00,-3275.11
610,610,6,wood,urban,0.03,6476.00,0.90,151.54,wood-urban,5000.00,,1.00,5000.00,-4848.46
611,611,0,wood,rural,0.00,25276.00,0.80,0.00,wood-rural,6000.00,,1.00,6000.00,-6000.00
612,612,55,steel,urban,0.25,42252.00,0.90,9658.81,steel-urban,9000.00,,1.00,9000.00,658.81
613,613,3,wood,remote,0.01,2543.00,0.70,19.58,wood-remote,8000.00,,1.00,8000.00,-7980.42
614,614,13,wood,rural,0.06,32976.00,0.80,1477.32,wood-rural,6000.00,,1.00,6000.00,-4522.68
615,615,8,concrete,urban,0.03,8613.00,0.90,255.81,concrete-urban,12000.00,,1.00,12000.00,-11744.19
616,616,27,steel,urban,0.11,17387.00,0.90,1768.26,steel-urban,9000.00,,1.00,9000.00,-7231.74
617,617,55,steel,urban,0.25,46948.00,0.90,10732.31,steel-urban,9000.00,,1.00,9000.00,1732.31
618,618,42,wood,urban,0.20,25086.00,0.90,4605.79,wood-urban,5000.00,,1.00,5000.00,-394.21
619,619,20,wood,rural,0.09,38056.00,0.80,2587.81,wood-rural,6000.00,,1.00,6000.00,-3412.19
620,620,10,steel,urban,0.04,23773.00,0.90,877.22,steel-urban,9000.00,,1.00,9000.00,-8122.78
621,621,14,wood,urban,0.06,16724.00,0.90,888.04,wood-urban,5000.00,,1.00,5000.00,-4111.96
622,622,38,wood,rural,0.18,43878.00,0.80,6213.12,wood-rural,6000.00,,1.00,6000.00,213.12
623,623,35,concrete,urban,0.14,37934.00,0.90,4916.25,concrete-urban,12000.00,,1.00,12000.00,-7083.75
624,624,9,wood,rural,0.04,29413.00,0.80,847.09,wood-rural,6000.00,,1.00,6000.00,-5152.91
625,625,1,steel,urban,0.00,22154.00,0.90,79.75,steel-urban,9000.00,,1.00,9000.00,-8920.25
626,626,13,wood,urban,0.05,28069.00,0.90,1364.15,wood-urban,5000.00,,1.00,5000.00,-3635.85
627,627,27,steel,urban,0.11,22570.00,0.90,2275.06,steel-urban,9000.00,,1.00,9000.00,-6724.94
628,628,2,wood,remote,0.01,2669.00,0.70,13.08,wood-remote,8000.00,,1.00,8000.00,-7986.92
629,629,28,steel,urban,0.12,29172.00,0.90,3124.32,steel-urban,9000.00,,1.00,9000.00,-5875.68
630,630,12,wood,rural,0.05,31397.00,0.80,1281.00,wood-rural,6000.00,,1.00,6000.00,-4719.00
631,631,49,wood,urban,0.27,32135.00,0.90,7808.81,wood-urban,5000.00,,1.00,5000.00,2808.81
632,632,55,wood,urban,0.35,48852.00,0.90,15212.51,wood-urban,5000.00,,1.00,5000.00,10212.51
633,633,49,wood,rural,0.27,51987.00,0.80,11146.01,wood-rural,6000.00,,1.00,6000.00,5146.01
634,634,4,concrete,remote,0.02,3933.00,0.70,46.80,concrete-remote,20000.00,,1.00,20000.00,-19953.20
635,635,15,wood,remote,0.06,9237.00,0.70,407.35,wood-remote,8000.00,,1.00,8000.00,-7592.65
636,636,13,wood,urban,0.05,11054.00,0.90,537.22,wood-urban,5000.00,,1.00,5000.00,-4462.78
638,638,20,concrete,urban,0.08,28246.00,0.90,2059.13,concrete-urban,12000.00,,1.00,12000.00,-9940.87
639,639,19,wood,urban,0.08,29309.00,0.90,2110.25,wood-urban,5000.00,,1.00,5000.00,-2889.75
640,640,41,wood,urban,0.20,34152.00,0.90,6055.15,wood-urban,5000.00,,1.00,5000.00,1055.15
641,641,56,steel,urban,0.26,51639.00,0.90,12037.05,steel-urban,9000.00,,1.00,9000.00,3037.05
642,642,36,wood,rural,0.17,42610.00,0.80,5624.52,wood-rural,6000.00,,1.00,6000.00,-375.48
643,643,31,wood,urban,0.14,29231.00,0.90,3577.87,wood-urban,5000.00,,1.00,5000.00,-1422.13
644,644,28,wood,urban,0.12,35628.00,0.90,3783.69,wood-urban,5000.00,,1.00,5000.00,-1216.31
645,645,23,wood,urban,0.10,23922.00,0.90,2088.39,wood-urban,5000.00,,1.00,5000.00,-2911.61
646,646,8,steel,urban,0.03,20635.00,0.90,612.86,steel-urban,9000.00,,1.00,9000.00,-8387.14
647,647,51,wood,urban,0.29,48243.00,0.90,12678.26,wood-urban,5000.00,,1.00,5000.00,7678.26
648,648,22,concrete,urban,0.09,15606.00,0.90,1306.22,concrete-urban,12000.00,,1.00,12000.00,-10693.78
649,649,38,wood,rural,0.18,44014.00,0.80,6197.17,wood-rural,6000.00,,1.00,6000.00,197.17
650,650,4,steel,rural,0.02,30574.00,0.80,440.27,steel-rural,11000.00,,1.00,11000.00,-10559.73
651,651,55,wood,urban,0.34,42199.00,0.90,13064.81,wood-urban,5000.00,,1.00,5000.00,8064.81
652,652,40,wood,urban,0.19,31491.00,0.90,5299.94,wood-urban,5000.00,,1.00,5000.00,299.94
653,653,49,steel,urban,0.22,40242.00,0.90,7859.26,steel-urban,9000.00,,1.00,9000.00,-1140.74
654,654,5,steel,urban,0.02,13221.00,0.90,237.98,steel-urban,9000.00,,1.00,9000.00,-8762.02
655,655,21,wood,urban,0.09,14478.00,0.90,1172.72,wood-urban,5000.00,,1.00,5000.00,-3827.28
656,656,52,wood,urban,0.31,46545.00,0.90,12860.38,wood-urban,5000.00,,1.00,5000.00,7860.38
657,657,7,wood,urban,0.03,19633.00,0.90,512.42,wood-urban,5000.00,,1.00,5000.00,-4487.58
658,658,5,steel,urban,0.02,8136.00,0.90,161.09,steel-urban,9000.00,,1.00,9000.00,-8838.91
659,659,6,steel,rural,0.02,32483.00,0.80,623.67,steel-rural,11000.00,,1.00,11000.00,-10376.33
660,660,27,wood,urban,0.11,19725.00,0.90,2006.03,wood-urban,5000.00,,1.00,5000.00,-2993.97
661,661,60,steel,urban,0.29,52688.00,0.90,13798.99,steel-urban,9000.00,,1.00,9000.00,4798.99
662,662,24,concrete,urban,0.10,24298.00,0.90,2164.95,concrete-urban,12000.00,,1.00,12000.00,-9835.05
663,663,46,wood,urban,0.24,43952.00,0.90,9493.63,wood-urban,5000.00,,1.00,5000.00,4493.63
664,664,26,steel,urban,0.11,23573.00,0.90,2333.73,steel-urban,9000.00,,1.00,9000.00,-6666.27
665,665,5,wood,rural,0.02,29772.00,0.80,476.35,wood-rural,6000.00,,1.00,6000.00,-5523.65
666,666,20,wood,urban,0.09,24978.00,0.90,1910.82,wood-urban,5000.00,,1.00,5000.00,-3089.18
667,667,13,wood,urban,0.06,25010.00,0.90,1237.99,wood-urban,5000.00,,1.00,5000.00,-3762.01
668,668,32,steel,rural,0.13,41316.00,0.80,4396.02,steel-rural,11000.00,,1.00,11000.00,-6603.98
669,669,35,concrete,remote,0.15,19131.00,0.70,1981.97,concrete-remote,20000.00,,1.00,20000.00,-18018.03
670,670,10,concrete,urban,0.04,10376.00,0.90,392.21,concrete-urban,12000.00,,1.00,12000.00,-11607.79
671,671,36,wood,urban,0.16,32352.00,0.90,4687.80,wood-urban,5000.00,,1.00,5000.00,-312.20
672,672,14,wood,urban,0.06,24122.00,0.90,1302.59,wood-urban,5000.00,,1.00,5000.00,-3697.41
673,673,38,concrete,urban,0.16,37883.00,0.90,5455.15,concrete-urban,12000.00,,1.00,12000.00,-6544.85
674,674,42,wood,urban,0.21,36022.00,0.90,6678.48,wood-urban,5000.00,,1.00,5000.00,1678.48
675,675,23,steel,urban,0.10,20190.00,0.90,1744.42,steel-urban,9000.00,,1.00,9000.00,-7255.58
676,676,29,steel,rural,0.12,43540.00,0.80,4214.67,steel-rural,11000.00,,1.00,11000.00,-6785.33
677,677,9,wood,rural,0.04,33100.00,0.80,1032.72,wood-rural,6000.00,,1.00,6000.00,-4967.28
678,678,16,wood,urban,0.07,19710.00,0.90,1170.77,wood-urban,5000.00,,1.00,5000.00,-3829.23
679,679,16,wood,urban,0.07,27569.00,0.90,1687.22,wood-urban,5000.00,,1.00,5000.00,-3312.78
680,680,5,wood,urban,0.02,26007.00,0.90,444.72,wood-urban,5000.00,,1.00,5000.00,-4555.28
681,681,22,concrete,rural,0.09,36015.00,0.80,2593.08,concrete-rural,15000.00,,1.00,15000.00,-12406.92
682,682,37,wood,urban,0.17,31154.00,0.90,4766.56,wood-urban,5000.00,,1.00,5000.00,-233.44
683,683,42,steel,remote,0.18,21990.00,0.70,2739.95,steel-remote,14000.00,,1.00,14000.00,-11260.05
684,684,14,steel,rural,0.06,34534.00,0.80,1602.38,steel-rural,11000.00,,1.00,11000.00,-9397.62
685,685,54,wood,remote,0.33,26916.00,0.70,6217.60,wood-remote,8000.00,,1.00,8000.00,-1782.40
686,686,35,wood,urban,0.16,28757.00,0.90,4115.13,wood-urban,5000.00,,1.00,5000.00,-884.87
687,687,55,wood,rural,0.35,53509.00,0.80,14854.10,wood-rural,6000.00,,1.00,6000.00,8854.10
688,688,56,concrete,urban,0.24,51822.00,0.90,11286.83,concrete-urban,12000.00,,1.00,12000.00,-713.17
689,689,32,wood,urban,0.14,27606.00,0.90,3428.67,wood-urban,5000.00,,1.00,5000.00,-1571.33
690,690,7,wood,urban,0.03,13293.00,0.90,346.95,wood-urban,5000.00,,1.00,5000.00,-4653.05
691,691,9,wood,urban,0.04,18999.00,0.90,615.57,wood-urban,5000.00,,1.00,5000.00,-4384.43
692,692,58,wood,urban,0.39,48651.00,0.90,17164.07,wood-urban,5000.00,,1.00,5000.00,12164.07
693,693,23,wood,rural,0.10,37816.00,0.80,2874.02,wood-rural,6000.00,,1.00,6000.00,-3125.98
694,694,43,wood,rural,0.21,47545.00,0.80,8101.67,wood-rural,6000.00,,1.00,6000.00,2101.67
695,695,18,concrete,urban,0.07,24193.00,0.90,1589.48,concrete-urban,12000.00,,1.00,12000.00,-10410.52
696,696,59,wood,urban,0.41,41092.00,0.90,15125.97,wood-urban,5000.00,,1.00,5000.00,10125.97
697,697,10,wood,rural,0.04,30630.00,0.80,1004.66,wood-rural,6000.00,,1.00,6000.00,-4995.34
698,698,12,wood,urban,0.05,27784.00,0.90,1200.27,wood-urban,5000.00,,1.00,5000.00,-3799.73
699,699,21,steel,urban,0.09,14816.00,0.90,1173.43,steel-urban,9000.00,,1.00,9000.00,-7826.57
700,700,23,wood,urban,0.10,28351.00,0.90,2424.01,wood-urban,5000.00,,1.00,5000.00,-2575.99
701,701,7,wood,urban,0.03,17226.00,0.90,449.60,wood-urban,5000.00,,1.00,5000.00,-4550.40
702,702,13,wood,urban,0.05,24621.00,0.90,1174.42,wood-urban,5000.00,,1.00,5000.00,-3825.58
703,703,35,wood,urban,0.16,21155.00,0.90,2989.20,wood-urban,5000.00,,1.00,5000.00,-2010.80
704,704,42,steel,urban,0.18,38683.00,0.90,6266.65,steel-urban,9000.00,,1.00,9000.00,-2733.35
705,705,50,wood,urban,0.28,32402.00,0.90,8223.63,wood-urban,5000.00,,1.00,5000.00,3223.63
706,706,12,wood,rural,0.05,36141.00,0.80,1503.47,wood-rural,6000.00,,1.00,6000.00,-4496.53
707,707,49,wood,urban,0.27,42137.00,0.90,10277.21,wood-urban,5000.00,,1.00,5000.00,5277.21
708,708,25,wood,urban,0.10,18054.00,0.90,1706.10,wood-urban,5000.00,,1.00,5000.00,-3293.90
709,709,30,steel,rural,0.13,42641.00,0.80,4264.10,steel-rural,11000.00,,1.00,11000.00,-6735.90
710,710,11,steel,remote,0.05,7020.00,0.70,226.04,steel-remote,14000.00,,1.00,14000.00,-13773.96
711,711,52,wood,rural,0.30,51640.00,0.80,12600.16,wood-rural,6000.00,,1.00,6000.00,6600.16
712,712,42,steel,urban,0.18,38247.00,0.90,6092.75,steel-urban,9000.00,,1.00,9000.00,-2907.25
713,713,2,wood,urban,0.01,9596.00,0.90,77.73,wood-urban,5000.00,,1.00,5000.00,-4922.27
714,714,36,wood,urban,0.16,41422.00,0.90,6002.05,wood-urban,5000.00,,1.00,5000.00,1002.05
715,715,36,wood,urban,0.16,37115.00,0.90,5444.77,wood-urban,5000.00,,1.00,5000.00,444.77
716,716,25,concrete,urban,0.10,16698.00,0.90,1562.93,concrete-urban,12000.00,,1.00,12000.00,-10437.07
717,717,51,wood,remote,0.29,27391.00,0.70,5617.89,wood-remote,8000.00,,1.00,8000.00,-2382.11
718,718,26,wood,rural,0.11,40305.00,0.80,3579.08,wood-rural,6000.00,,1.00,6000.00,-2420.92
719,719,51,wood,remote,0.29,25761.00,0.70,5319.65,wood-remote,8000.00,,1.00,8000.00,-2680.35
720,720,17,wood,urban,0.07,29879.00,0.90,1855.49,wood-urban,5000.00,,1.00,5000.00,-3144.51
721,721,54,wood,urban,0.33,49692.00,0.90,14803.25,wood-urban,5000.00,,1.00,5000.00,9803.25
722,722,42,wood,rural,0.20,50244.00,0.80,8199.82,wood-rural,6000.00,,1.00,6000.00,2199.82
723,723,38,wood,urban,0.18,42326.00,0.90,6704.44,wood-urban,5000.00,,1.00,5000.00,1704.44
724,724,2,wood,urban,0.01,7466.00,0.90,67.19,wood-urban,5000.00,,1.00,5000.00,-4932.81
725,725,58,concrete,urban,0.25,40158.00,0.90,9035.55,concrete-urban,12000.00,,1.00,12000.00,-2964.45
726,726,35,steel,urban,0.15,22430.00,0.90,2967.49,steel-urban,9000.00,,1.00,9000.00,-6032.51
727,727,43,steel,urban,0.18,29064.00,0.90,4839.16,steel-urban,9000.00,,1.00,9000.00,-4160.84
728,728,16,steel,urban,0.07,31754.00,0.90,1886.19,steel-urban,9000.00,,1.00,9000.00,-7113.81
729,729,58,wood,rural,0.39,55039.00,0.80,17304.26,wood-rural,6000.00,,1.00,6000.00,11304.26
730,730,48,wood,urban,0.26,41280.00,0.90,9696.67,wood-urban,5000.00,,1.00,5000.00,4696.67
731,731,22,wood,remote,0.09,13254.00,0.70,872.11,wood-remote,8000.00,,1.00,8000.00,-7127.89
732,732,31,wood,urban,0.14,20371.00,0.90,2475.08,wood-urban,5000.00,,1.00,5000.00,-2524.92
733,733,22,wood,rural,0.09,37929.00,0.80,2791.57,wood-rural,6000.00,,1.00,6000.00,-3208.43
734,734,36,steel,urban,0.15,28861.00,0.90,3948.18,steel-urban,9000.00,,1.00,9000.00,-5051.82
735,735,7,wood,rural,0.03,33024.00,0.80,819.00,wood-rural,6000.00,,1.00,6000.00,-5181.00
736,736,24,wood,remote,0.10,13829.00,0.70,987.39,wood-remote,8000.00,,1.00,8000.00,-7012.61
737,737,26,steel,urban,0.11,19676.00,0.90,1947.92,steel-urban,9000.00,,1.00,9000.00,-7052.08
738,738,37,wood,remote,0.17,19634.00,0.70,2308.96,wood-remote,8000.00,,1.00,8000.00,-5691.04
739,739,21,wood,urban,0.09,31722.00,0.90,2455.28,wood-urban,5000.00,,1.00,5000.00,-2544.72
740,740,8,wood,urban,0.03,11504.00,0.90,331.32,wood-urban,5000.00,,1.00,5000.00,-4668.68
741,741,57,steel,urban,0.27,32310.00,0.90,7764.09,steel-urban,9000.00,,1.00,9000.00,-1235.91
742,742,59,wood,urban,0.41,51535.00,0.90,18830.89,wood-urban,5000.00,,1.00,5000.00,13830.89
743,743,60,steel,urban,0.29,42276.00,0.90,11072.08,steel-urban,9000.00,,1.00,9000.00,2072.08
744,744,32,wood,urban,0.14,38688.00,0.90,4874.69,wood-urban,5000.00,,1.00,5000.00,-125.31
745,745,16,wood,urban,0.07,21057.00,0.90,1250.79,wood-urban,5000.00,,1.00,5000.00,-3749.21
746,746,49,concrete,urban,0.20,42123.00,0.90,7771.69,concrete-urban,12000.00,,1.00,12000.00,-4228.31
747,747,4,wood,urban,0.01,6506.00,0.90,87.83,wood-urban,5000.00,,1.00,5000.00,-4912.17
748,748,43,wood,urban,0.21,33865.00,0.90,6491.92,wood-urban,5000.00,,1.00,5000.00,1491.92
749,749,57,concrete,urban,0.25,49315.00,0.90,10962.72,concrete-urban,12000.00,,1.00,12000.00,-1037.28
750,750,54,steel,rural,0.24,56162.00,0.80,11007.75,steel-rural,11000.00,,1.00,11000.00,7.75
751,751,29,wood,urban,0.13,17611.00,0.90,1981.24,wood-urban,5000.00,,1.00,5000.00,-3018.76
752,752,45,steel,urban,0.19,25488.00,0.90,4404.33,steel-urban,9000.00,,1.00,9000.00,-4595.67
753,753,13,wood,urban,0.06,14454.00,0.90,728.48,wood-urban,5000.00,,1.00,5000.00,-4271.52
754,754,33,wood,rural,0.14,44177.00,0.80,5089.19,wood-rural,6000.00,,1.00,6000.00,-910.81
755,755,12,concrete,urban,0.05,20133.00,0.90,905.99,concrete-urban,12000.00,,1.00,12000.00,-11094.01
756,756,8,wood,remote,0.04,5663.00,0.70,138.74,wood-remote,8000.00,,1.00,8000.00,-7861.26
757,757,43,steel,rural,0.18,50244.00,0.80,7315.53,steel-rural,11000.00,,1.00,11000.00,-3684.47
758,758,32,wood,urban,0.14,28700.00,0.90,3642.03,wood-urban,5000.00,,1.00,5000.00,-1357.97
759,759,57,wood,remote,0.38,29098.00,0.70,7699.33,wood-remote,8000.00,,1.00,8000.00,-300.67
760,760,54,concrete,rural,0.23,52182.00,0.80,9643.23,concrete-rural,15000.00,,1.00,15000.00,-5356.77
761,761,57,concrete,rural,0.24,53160.00,0.80,10376.83,concrete-rural,15000.00,,1.00,15000.00,-4623.17
762,762,10,wood,rural,0.04,32004.00,0.80,1024.13,wood-rural,6000.00,,1.00,6000.00,-4975.87
763,763,57,wood,rural,0.38,55238.00,0.80,16615.59,wood-rural,6000.00,,1.00,6000.00,10615.59
764,764,40,wood,urban,0.19,34004.00,0.90,5814.68,wood-urban,5000.00,,1.00,5000.00,814.68
765,765,10,wood,urban,0.04,12461.00,0.90,482.24,wood-urban,5000.00,,1.00,5000.00,-4517.76
766,766,58,wood,remote,0.39,31879.00,0.70,8725.28,wood-remote,8000.00,,1.00,8000.00,725.28
768,768,37,wood,rural,0.17,42740.00,0.80,5744.26,wood-rural,6000.00,,1.00,6000.00,-255.74
769,769,1,wood,urban,0.00,15510.00,0.90,41.88,wood-urban,5000.00,,1.00,5000.00,-4958.12
770,770,29,wood,urban,0.13,30070.00,0.90,3409.94,wood-urban,5000.00,,1.00,5000.00,-1590.06
771,771,1,steel,urban,0.01,8089.00,0.90,43.68,steel-urban,9000.00,,1.00,9000.00,-8956.32
772,772,42,wood,remote,0.21,22201.00,0.70,3201.38,wood-remote,8000.00,,1.00,8000.00,-4798.62
773,773,29,wood,urban,0.13,37872.00,0.90,4294.68,wood-urban,5000.00,,1.00,5000.00,-705.32
774,774,58,wood,urban,0.39,35713.00,0.90,12631.69,wood-urban,5000.00,,1.00,5000.00,7631.69
775,775,5,wood,urban,0.02,25959.00,0.90,537.35,wood-urban,5000.00,,1.00,5000.00,-4462.65
776,776,12,wood,urban,0.05,19486.00,0.90,841.80,wood-urban,5000.00,,1.00,5000.00,-4158.20
777,777,10,wood,rural,0.04,32021.00,0.80,1050.29,wood-rural,6000.00,,1.00,6000.00,-4949.71
778,778,50,wood,rural,0.28,55224.00,0.80,12502.71,wood-rural,6000.00,,1.00,6000.00,6502.71
779,779,14,wood,urban,0.06,14365.00,0.90,775.71,wood-urban,5000.00,,1.00,5000.00,-4224.29
780,780,52,concrete,urban,0.22,29470.00,0.90,5861.58,concrete-urban,12000.00,,1.00,12000.00,-6138.42
781,781,48,wood,urban,0.26,35930.00,0.90,8310.61,wood-urban,5000.00,,1.00,5000.00,3310.61
782,782,11,concrete,urban,0.04,19507.00,0.90,790.03,concrete-urban,12000.00,,1.00,12000.00,-11209.97
783,783,31,wood,urban,0.13,22679.00,0.90,2735.09,wood-urban,5000.00,,1.00,5000.00,-2264.91
784,784,58,wood,rural,0.39,56052.00,0.80,17577.91,wood-rural,6000.00,,1.00,6000.00,11577.91
785,785,44,wood,remote,0.22,23684.00,0.70,3647.34,wood-remote,8000.00,,1.00,8000.00,-4352.66
786,786,54,concrete,urban,0.23,44172.00,0.90,9183.36,concrete-urban,12000.00,,1.00,12000.00,-2816.64
787,787,30,wood,rural,0.13,41252.00,0.80,4290.21,wood-rural,6000.00,,1.00,6000.00,-1709.79
788,788,5,wood,remote,0.02,3003.00,0.70,44.14,wood-remote,8000.00,,1.00,8000.00,-7955.86
789,789,32,wood,urban,0.14,37990.00,0.90,4820.93,wood-urban,5000.00,,1.00,5000.00,-179.07
790,790,59,wood,urban,0.41,40374.00,0.90,14752.66,wood-urban,5000.00,,1.00,5000.00,9752.66
791,791,32,wood,urban,0.14,36786.00,0.90,4668.14,wood-urban,5000.00,,1.00,5000.00,-331.86
792,792,23,wood,urban,0.10,18874.00,0.90,1681.67,wood-urban,5000.00,,1.00,5000.00,-3318.33
793,793,18,steel,urban,0.07,23870.00,0.90,1589.74,steel-urban,9000.00,,1.00,9000.00,-7410.26
794,794,56,wood,urban,0.36,48450.00,0.90,15654.19,wood-urban,5000.00,,1.00,5000.00,10654.19
795,795,16,wood,urban,0.07,15666.00,0.90,930.56,wood-urban,5000.00,,1.00,5000.00,-4069.44
796,796,59,concrete,rural,0.26,57779.00,0.80,11786.92,concrete-rural,15000.00,,1.00,15000.00,-3213.08
797,797,17,wood,urban,0.07,29695.00,0.90,1950.96,wood-urban,5000.00,,1.00,5000.00,-3049.04
798,798,13,steel,urban,0.05,17584.00,0.90,854.58,steel-urban,9000.00,,1.00,9000.00,-8145.42
799,799,51,wood,rural,0.29,50280.00,0.80,11825.86,wood-rural,6000.00,,1.00,6000.00,5825.86
800,800,31,concrete,urban,0.13,28840.00,0.90,3322.37,concrete-urban,12000.00,,1.00,12000.00,-8677.63
801,801,26,wood,rural,0.11,39795.00,0.80,3565.63,wood-rural,6000.00,,1.00,6000.00,-2434.37
802,802,28,steel,urban,0.12,27559.00,0.90,2852.36,steel-urban,9000.00,,1.00,9000.00,-6147.64
803,803,31,wood,urban,0.13,25311.00,0.90,3052.51,wood-urban,5000.00,,1.00,5000.00,-1947.49
804,804,26,steel,rural,0.11,38860.00,0.80,3357.50,steel-rural,11000.00,,1.00,11000.00,-7642.50
805,805,18,wood,urban,0.07,27141.00,0.90,1832.02,wood-urban,5000.00,,1.00,5000.00,-3167.98
806,806,36,concrete,urban,0.15,31046.00,0.90,4219.15,concrete-urban,12000.00,,1.00,12000.00,-7780.85
807,807,21,wood,remote,0.09,11341.00,0.70,714.48,wood-remote,8000.00,,1.00,8000.00,-7285.52
808,808,56,wood,urban,0.36,42188.00,0.90,13630.94,wood-urban,5000.00,,1.00,5000.00,8630.94
809,809,24,wood,rural,0.10,40406.00,0.80,3232.48,wood-rural,6000.00,,1.00,6000.00,-2767.52
810,810,47,wood,urban,0.25,34955.00,0.90,7770.50,wood-urban,5000.00,,1.00,5000.00,2770.50
811,811,49,wood,remote,0.27,26929.00,0.70,5051.88,wood-remote,8000.00,,1.00,8000.00,-2948.12
812,812,27,steel,urban,0.11,29465.00,0.90,2996.59,steel-urban,9000.00,,1.00,9000.00,-6003.41
813,813,38,wood,rural,0.18,45837.00,0.80,6453.85,wood-rural,6000.00,,1.00,6000.00,453.85
814,814,25,wood,urban,0.11,23486.00,0.90,2240.56,wood-urban,5000.00,,1.00,5000.00,-2759.44
815,815,13,wood,rural,0.05,32076.00,0.80,1385.68,wood-rural,6000.00,,1.00,6000.00,-4614.32
816,816,35,concrete,rural,0.15,45615.00,0.80,5327.83,concrete-rural,15000.00,,1.00,15000.00,-9672.17
817,817,32,wood,remote,0.14,16992.00,0.70,1665.22,wood-remote,8000.00,,1.00,8000.00,-6334.78
818,818,6,wood,urban,0.02,19433.00,0.90,419.75,wood-urban,5000.00,,1.00,5000.00,-4580.25
819,819,12,wood,urban,0.05,22834.00,0.90,1048.08,wood-urban,5000.00,,1.00,5000.00,-3951.92
820,820,33,wood,urban,0.15,38326.00,0.90,5036.04,wood-urban,5000.00,,1.00,5000.00,36.04
821,821,11,wood,remote,0.05,6510.00,0.70,214.18,wood-remote,8000.00,,1.00,8000.00,-7785.82
822,822,10,steel,urban,0.04,13157.00,0.90,473.65,steel-urban,9000.00,,1.00,9000.00,-8526.35
823,823,52,wood,rural,0.30,53265.00,0.80,12996.66,wood-rural,6000.00,,1.00,6000.00,6996.66
824,824,46,wood,urban,0.24,26986.00,0.90,5853.26,wood-urban,5000.00,,1.00,5000.00,853.26
825,825,40,wood,rural,0.19,45005.00,0.80,6840.76,wood-rural,6000.00,,1.00,6000.00,840.76
826,826,52,wood,rural,0.30,54038.00,0.80,13185.27,wood-rural,6000.00,,1.00,6000.00,7185.27
827,827,37,steel,remote,0.15,18378.00,0.70,1994.01,steel-remote,14000.00,,1.00,14000.00,-12005.99
828,828,6,wood,urban,0.03,15471.00,0.90,375.95,wood-urban,5000.00,,1.00,5000.00,-4624.05
829,829,49,steel,remote,0.22,26252.00,0.70,3987.68,steel-remote,14000.00,,1.00,14000.00,-10012.32
830,830,33,steel,urban,0.14,24879.00,0.90,3134.75,steel-urban,9000.00,,1.00,9000.00,-5865.25
831,831,57,wood,rural,0.38,57971.00,0.80,17484.05,wood-rural,6000.00,,1.00,6000.00,11484.05
832,832,37,concrete,urban,0.16,35362.00,0.90,4964.82,concrete-urban,12000.00,,1.00,12000.00,-7035.18
833,833,12,wood,rural,0.05,33625.00,0.80,1371.90,wood-rural,6000.00,,1.00,6000.00,-4628.10
834,834,15,wood,rural,0.06,36945.00,0.80,1802.92,wood-rural,6000.00,,1.00,6000.00,-4197.08
835,835,16,wood,urban,0.07,16272.00,0.90,995.85,wood-urban,5000.00,,1.00,5000.00,-4004.15
836,836,31,concrete,rural,0.13,43998.00,0.80,4540.59,concrete-rural,15000.00,,1.00,15000.00,-10459.41
837,837,28,steel,urban,0.12,19101.00,0.90,1976.95,steel-urban,9000.00,,1.00,9000.00,-7023.05
838,838,41,wood,urban,0.20,24275.00,0.90,4303.96,wood-urban,5000.00,,1.00,5000.00,-696.04
839,839,57,wood,rural,0.37,55361.00,0.80,16564.01,wood-rural,6000.00,,1.00,6000.00,10564.01
840,840,1,steel,rural,0.00,29012.00,0.80,92.84,steel-rural,11000.00,,1.00,11000.00,-10907.16
841,841,13,wood,rural,0.05,31103.00,0.80,1343.65,wood-rural,6000.00,,1.00,6000.00,-4656.35
842,842,47,steel,rural,0.20,53233.00,0.80,8730.21,steel-rural,11000.00,,1.00,11000.00,-2269.79
843,843,11,wood,urban,0.05,16067.00,0.90,665.17,wood-urban,5000.00,,1.00,5000.00,-4334.83
844,844,19,wood,urban,0.08,23480.00,0.90,1669.43,wood-urban,5000.00,,1.00,5000.00,-3330.57
845,845,33,wood,urban,0.15,25949.00,0.90,3409.70,wood-urban,5000.00,,1.00,5000.00,-1590.30
846,846,39,wood,urban,0.18,30795.00,0.90,5071.94,wood-urban,5000.00,,1.00,5000.00,71.94
847,847,4,concrete,rural,0.01,29862.00,0.80,358.34,concrete-rural,15000.00,,1.00,15000.00,-14641.66
848,848,47,wood,urban,0.25,36093.00,0.90,8088.44,wood-urban,5000.00,,1.00,5000.00,3088.44
849,849,32,wood,urban,0.14,30631.00,0.90,3804.37,wood-urban,5000.00,,1.00,5000.00,-1195.63
850,850,24,wood,urban,0.10,28343.00,0.90,2627.40,wood-urban,5000.00,,1.00,5000.00,-2372.60
851,851,13,wood,urban,0.05,28884.00,0.90,1403.76,wood-urban,5000.00,,1.00,5000.00,-3596.24
852,852,10,steel,urban,0.04,11345.00,0.90,418.63,steel-urban,9000.00,,1.00,9000.00,-8581.37
853,853,10,steel,urban,0.04,20510.00,0.90,775.28,steel-urban,9000.00,,1.00,9000.00,-8224.72
854,854,49,wood,remote,0.27,24811.00,0.70,4706.65,wood-remote,8000.00,,1.00,8000.00,-3293.35
855,855,8,wood,urban,0.03,16963.00,0.90,519.07,wood-urban,5000.00,,1.00,5000.00,-4480.93
856,856,51,steel,rural,0.23,49744.00,0.80,9033.51,steel-rural,11000.00,,1.00,11000.00,-1966.49
857,857,57,wood,rural,0.38,54539.00,0.80,16405.33,wood-rural,6000.00,,1.00,6000.00,10405.33
858,858,40,wood,urban,0.19,40940.00,0.90,6927.05,wood-urban,5000.00,,1.00,5000.00,1927.05
859,859,51,wood,urban,0.29,31310.00,0.90,8284.63,wood-urban,5000.00,,1.00,5000.00,3284.63
860,860,9,wood,rural,0.04,29938.00,0.80,934.07,wood-rural,6000.00,,1.00,6000.00,-5065.93
861,861,32,wood,urban,0.14,31789.00,0.90,4034.02,wood-urban,5000.00,,1.00,5000.00,-965.98
862,862,2,wood,rural,0.01,25890.00,0.80,144.98,wood-rural,6000.00,,1.00,6000.00,-5855.02
863,863,16,concrete,urban,0.07,22239.00,0.90,1321.00,concrete-urban,12000.00,,1.00,12000.00,-10679.00
864,864,1,wood,urban,0.00,5919.00,0.90,15.98,wood-urban,5000.00,,1.00,5000.00,-4984.02
865,865,58,wood,rural,0.39,56086.00,0.80,17588.57,wood-rural,6000.00,,1.00,6000.00,11588.57
866,866,27,steel,urban,0.11,32065.00,0.90,3203.29,steel-urban,9000.00,,1.00,9000.00,-5796.71
867,867,22,wood,urban,0.09,29959.00,0.90,2453.64,wood-urban,5000.00,,1.00,5000.00,-2546.36
868,868,15,wood,rural,0.06,33254.00,0.80,1622.80,wood-rural,6000.00,,1.00,6000.00,-4377.20
869,869,34,concrete,urban,0.14,39082.00,0.90,4959.51,concrete-urban,12000.00,,1.00,12000.00,-7040.49
870,870,34,concrete,rural,0.14,42332.00,0.80,4808.92,concrete-rural,15000.00,,1.00,15000.00,-10191.08
871,871,40,wood,urban,0.19,34354.00,0.90,5812.70,wood-urban,5000.00,,1.00,5000.00,812.70
872,872,27,steel,urban,0.11,33548.00,0.90,3442.02,steel-urban,9000.00,,1.00,9000.00,-5557.98
873,873,34,wood,urban,0.15,35570.00,0.90,4801.95,wood-urban,5000.00,,1.00,5000.00,-198.05
874,874,21,wood,urban,0.09,19159.00,0.90,1500.15,wood-urban,5000.00,,1.00,5000.00,-3499.85
875,875,51,concrete,urban,0.21,48406.00,0.90,9323.00,concrete-urban,12000.00,,1.00,12000.00,-2677.00
876,876,32,wood,urban,0.14,23016.00,0.90,2941.44,wood-urban,5000.00,,1.00,5000.00,-2058.56
877,877,38,steel,urban,0.16,33779.00,0.90,4924.98,steel-urban,9000.00,,1.00,9000.00,-4075.02
878,878,19,wood,urban,0.08,32647.00,0.90,2291.82,wood-urban,5000.00,,1.00,5000.00,-2708.18
879,879,8,wood,urban,0.03,27198.00,0.90,783.30,wood-urban,5000.00,,1.00,5000.00,-4216.70
880,880,34,wood,urban,0.15,39014.00,0.90,5266.89,wood-urban,5000.00,,1.00,5000.00,266.89
881,881,28,wood,rural,0.12,43622.00,0.80,4187.71,wood-rural,6000.00,,1.00,6000.00,-1812.29
882,882,13,wood,urban,0.05,20303.00,0.90,968.45,wood-urban,5000.00,,1.00,5000.00,-4031.55
883,883,50,wood,urban,0.28,29099.00,0.90,7411.52,wood-urban,5000.00,,1.00,5000.00,2411.52
884,884,42,steel,remote,0.18,21443.00,0.70,2671.80,steel-remote,14000.00,,1.00,14000.00,-11328.20
885,885,13,wood,urban,0.05,14836.00,0.90,707.68,wood-urban,5000.00,,1.00,5000.00,-4292.32
886,886,33,wood,urban,0.14,32515.00,0.90,4243.21,wood-urban,5000.00,,1.00,5000.00,-756.79
887,887,54,wood,urban,0.33,31751.00,0.90,9430.05,wood-urban,5000.00,,1.00,5000.00,4430.05
888,888,59,steel,urban,0.28,36177.00,0.90,9181.72,steel-urban,9000.00,,1.00,9000.00,181.72
889,889,26,wood,remote,0.11,14184.00,0.70,1102.10,wood-remote,8000.00,,1.00,8000.00,-6897.90
890,890,44,wood,urban,0.22,43147.00,0.90,8620.77,wood-urban,5000.00,,1.00,5000.00,3620.77
891,891,24,wood,urban,0.10,24883.00,0.90,2306.65,wood-urban,5000.00,,1.00,5000.00,-2693.35
892,892,50,wood,urban,0.28,48108.00,0.90,12123.22,wood-urban,5000.00,,1.00,5000.00,7123.22
893,893,9,wood,urban,0.04,7682.00,0.90,255.81,wood-urban,5000.00,,1.00,5000.00,-4744.19
894,894,11,wood,urban,0.05,10825.00,0.90,448.15,wood-urban,5000.00,,1.00,5000.00,-4551.85
895,895,9,wood,urban,0.04,8090.00,0.90,283.96,wood-urban,5000.00,,1.00,5000.00,-4716.04
896,896,34,wood,remote,0.15,18768.00,0.70,1983.78,wood-remote,8000.00,,1.00,8000.00,-6016.22
897,897,42,steel,urban,0.18,30710.00,0.90,4919.74,steel-urban,9000.00,,1.00,9000.00,-4080.26
898,898,3,wood,urban,0.01,19428.00,0.90,227.31,wood-urban,5000.00,,1.00,5000.00,-4772.69
899,899,41,wood,urban,0.20,34100.00,0.90,6045.93,wood-urban,5000.00,,1.00,5000.00,1045.93
900,900,18,steel,urban,0.08,32427.00,0.90,2218.01,steel-urban,9000.00,,1.00,9000.00,-6781.99
901,901,15,wood,urban,0.06,25965.00,0.90,1448.85,wood-urban,5000.00,,1.00,5000.00,-3551.15
902,902,27,wood,urban,0.12,19001.00,0.90,1983.70,wood-urban,5000.00,,1.00,5000.00,-3016.30
903,903,39,steel,remote,0.17,22444.00,0.70,2607.99,steel-remote,14000.00,,1.00,14000.00,-11392.01
904,904,40,concrete,urban,0.17,42837.00,0.90,6515.51,concrete-urban,12000.00,,1.00,12000.00,-5484.49
905,905,49,wood,urban,0.27,47279.00,0.90,11403.69,wood-urban,5000.00,,1.00,5000.00,6403.69
907,907,36,wood,urban,0.16,33853.00,0.90,4935.77,wood-urban,5000.00,,1.00,5000.00,-64.23
908,908,17,steel,urban,0.07,23045.00,0.90,1451.84,steel-urban,9000.00,,1.00,9000.00,-7548.16
909,909,47,wood,urban,0.25,45440.00,0.90,10142.21,wood-urban,5000.00,,1.00,5000.00,5142.21
910,910,18,wood,urban,0.07,28486.00,0.90,1922.80,wood-urban,5000.00,,1.00,5000.00,-3077.20
911,911,51,concrete,urban,0.22,37128.00,0.90,7217.68,concrete-urban,12000.00,,1.00,12000.00,-4782.32
912,912,12,wood,urban,0.05,27539.00,0.90,1239.26,wood-urban,5000.00,,1.00,5000.00,-3760.74
913,913,57,concrete,rural,0.25,54240.00,0.80,10674.43,concrete-rural,15000.00,,1.00,15000.00,-4325.57
914,914,56,wood,urban,0.36,49403.00,0.90,16095.50,wood-urban,5000.00,,1.00,5000.00,11095.50
915,915,40,wood,urban,0.19,39500.00,0.90,6683.40,wood-urban,5000.00,,1.00,5000.00,1683.40
916,916,47,wood,urban,0.25,45818.00,0.90,10309.05,wood-urban,5000.00,,1.00,5000.00,5309.05
917,917,19,wood,urban,0.08,29853.00,0.90,2176.28,wood-urban,5000.00,,1.00,5000.00,-2823.72
918,918,52,wood,urban,0.30,28822.00,0.90,7885.70,wood-urban,5000.00,,1.00,5000.00,2885.70
919,919,41,concrete,rural,0.17,47077.00,0.80,6402.47,concrete-rural,15000.00,,1.00,15000.00,-8597.53
920,920,20,steel,urban,0.08,32306.00,0.90,2384.18,steel-urban,9000.00,,1.00,9000.00,-6615.82
921,921,5,steel,urban,0.02,14986.00,0.90,283.24,steel-urban,9000.00,,1.00,9000.00,-8716.76
922,922,54,steel,urban,0.25,47512.00,0.90,10561.92,steel-urban,9000.00,,1.00,9000.00,1561.92
923,923,31,steel,rural,0.13,44026.00,0.80,4613.92,steel-rural,11000.00,,1.00,11000.00,-6386.08
924,924,7,concrete,urban,0.03,18677.00,0.90,487.47,concrete-urban,12000.00,,1.00,12000.00,-11512.53
925,925,47,steel,urban,0.20,28020.00,0.90,5144.47,steel-urban,9000.00,,1.00,9000.00,-3855.53
926,926,41,wood,rural,0.20,47148.00,0.80,7505.96,wood-rural,6000.00,,1.00,6000.00,1505.96
927,927,17,wood,rural,0.07,37630.00,0.80,2077.18,wood-rural,6000.00,,1.00,6000.00,-3922.82
928,928,3,wood,rural,0.01,28511.00,0.80,319.32,wood-rural,6000.00,,1.00,6000.00,-5680.68
929,929,24,wood,urban,0.10,33448.00,0.90,3070.53,wood-urban,5000.00,,1.00,5000.00,-1929.47
930,930,28,steel,urban,0.12,33136.00,0.90,3489.22,steel-urban,9000.00,,1.00,9000.00,-5510.78
931,931,1,steel,urban,0.00,15566.00,0.90,42.03,steel-urban,9000.00,,1.00,9000.00,-8957.97
932,932,36,wood,rural,0.16,47631.00,0.80,6134.87,wood-rural,6000.00,,1.00,6000.00,134.87
933,933,1,steel,urban,0.00,11668.00,0.90,42.00,steel-urban,9000.00,,1.00,9000.00,-8958.00
934,934,15,wood,urban,0.06,10476.00,0.90,575.13,wood-urban,5000.00,,1.00,5000.00,-4424.87
935,935,47,wood,urban,0.25,33800.00,0.90,7544.16,wood-urban,5000.00,,1.00,5000.00,2544.16
936,936,3,wood,urban,0.01,4722.00,0.90,46.75,wood-urban,5000.00,,1.00,5000.00,-4953.25
937,937,51,wood,rural,0.29,51033.00,0.80,11921.31,wood-rural,6000.00,,1.00,6000.00,5921.31
938,938,6,steel,urban,0.02,10224.00,0.90,211.64,steel-urban,9000.00,,1.00,9000.00,-8788.36
939,939,37,concrete,urban,0.15,23123.00,0.90,3184.04,concrete-urban,12000.00,,1.00,12000.00,-8815.96
940,940,39,wood,urban,0.18,27716.00,0.90,4489.99,wood-urban,5000.00,,1.00,5000.00,-510.01
941,941,27,wood,urban,0.12,27270.00,0.90,2871.53,wood-urban,5000.00,,1.00,5000.00,-2128.47
942,942,15,wood,urban,0.06,29016.00,0.90,1671.32,wood-urban,5000.00,,1.00,5000.00,-3328.68
943,943,12,steel,rural,0.05,31011.00,0.80,1215.63,steel-rural,11000.00,,1.00,11000.00,-9784.37
944,944,17,wood,rural,0.07,33973.00,0.80,1902.49,wood-rural,6000.00,,1.00,6000.00,-4097.51
945,945,19,wood,urban,0.08,31757.00,0.90,2315.09,wood-urban,5000.00,,1.00,5000.00,-2684.91
946,946,53,wood,urban,0.32,41954.00,0.90,12007.23,wood-urban,5000.00,,1.00,5000.00,7007.23
947,947,54,wood,urban,0.33,45097.00,0.90,13474.98,wood-urban,5000.00,,1.00,5000.00,8474.98
948,948,16,wood,urban,0.07,22746.00,0.90,1351.11,wood-urban,5000.00,,1.00,5000.00,-3648.89
949,949,50,steel,rural,0.22,50949.00,0.80,8967.02,steel-rural,11000.00,,1.00,11000.00,-2032.98
950,950,29,wood,urban,0.12,21800.00,0.90,2432.88,wood-urban,5000.00,,1.00,5000.00,-2567.12
951,951,14,steel,rural,0.06,33638.00,0.80,1560.80,steel-rural,11000.00,,1.00,11000.00,-9439.20
952,952,25,wood,urban,0.11,19327.00,0.90,1861.19,wood-urban,5000.00,,1.00,5000.00,-3138.81
953,953,10,wood,urban,0.04,15313.00,0.90,578.83,wood-urban,5000.00,,1.00,5000.00,-4421.17
954,954,7,wood,rural,0.03,31150.00,0.80,747.60,wood-rural,6000.00,,1.00,6000.00,-5252.40
955,955,44,wood,urban,0.22,29228.00,0.90,5839.75,wood-urban,5000.00,,1.00,5000.00,839.75
956,956,38,wood,rural,0.17,43260.00,0.80,6021.79,wood-rural,6000.00,,1.00,6000.00,21.79
957,957,30,wood,urban,0.13,20153.00,0.90,2321.63,wood-urban,5000.00,,1.00,5000.00,-2678.37
958,958,42,wood,urban,0.20,40467.00,0.90,7429.74,wood-urban,5000.00,,1.00,5000.00,2429.74
959,959,52,wood,urban,0.31,33000.00,0.90,9117.90,wood-urban,5000.00,,1.00,5000.00,4117.90
960,960,26,wood,urban,0.11,16437.00,0.90,1627.26,wood-urban,5000.00,,1.00,5000.00,-3372.74
961,961,38,concrete,urban,0.16,22948.00,0.90,3242.55,concrete-urban,12000.00,,1.00,12000.00,-8757.45
962,962,10,wood,rural,0.04,29365.00,0.80,939.68,wood-rural,6000.00,,1.00,6000.00,-5060.32
963,963,29,wood,urban,0.12,38115.00,0.90,4253.63,wood-urban,5000.00,,1.00,5000.00,-746.37
964,964,6,wood,rural,0.03,28837.00,0.80,576.74,wood-rural,6000.00,,1.00,6000.00,-5423.26
965,965,34,steel,urban,0.14,20016.00,0.90,2558.04,steel-urban,9000.00,,1.00,9000.00,-6441.96
966,966,26,steel,urban,0.11,30377.00,0.90,2925.31,steel-urban,9000.00,,1.00,9000.00,-6074.69
967,967,19,steel,rural,0.08,34974.00,0.80,2182.38,steel-rural,11000.00,,1.00,11000.00,-8817.62
968,968,3,concrete,remote,0.01,4617.00,0.70,45.25,concrete-remote,20000.00,,1.00,20000.00,-19954.75
969,969,49,concrete,urban,0.21,42914.00,0.90,8033.50,concrete-urban,12000.00,,1.00,12000.00,-3966.50
970,970,41,wood,urban,0.20,28856.00,0.90,5116.17,wood-urban,5000.00,,1.00,5000.00,116.17
971,971,16,wood,rural,0.07,32625.00,0.80,1722.60,wood-rural,6000.00,,1.00,6000.00,-4277.40
972,972,48,wood,urban,0.26,27475.00,0.90,6429.15,wood-urban,5000.00,,1.00,5000.00,1429.15
973,973,29,wood,urban,0.12,33871.00,0.90,3780.00,wood-urban,5000.00,,1.00,5000.00,-1220.00
974,974,39,concrete,urban,0.16,38098.00,0.90,5623.26,concrete-urban,12000.00,,1.00,12000.00,-6376.74
975,975,26,steel,urban,0.11,19746.00,0.90,1919.31,steel-urban,9000.00,,1.00,9000.00,-7080.69
976,976,29,steel,urban,0.12,31754.00,0.90,3458.01,steel-urban,9000.00,,1.00,9000.00,-5541.99
977,977,8,steel,rural,0.04,31430.00,0.80,880.04,steel-rural,11000.00,,1.00,11000.00,-10119.96
978,978,34,wood,remote,0.15,19653.00,0.70,2077.32,wood-remote,8000.00,,1.00,8000.00,-5922.68
979,979,22,wood,urban,0.09,23664.00,0.90,1959.38,wood-urban,5000.00,,1.00,5000.00,-3040.62
980,980,30,wood,urban,0.13,29467.00,0.90,3394.60,wood-urban,5000.00,,1.00,5000.00,-1605.40
981,981,38,wood,rural,0.17,43031.00,0.80,5989.92,wood-rural,6000.00,,1.00,6000.00,-10.08
982,982,25,wood,urban,0.11,29063.00,0.90,2798.77,wood-urban,5000.00,,1.00,5000.00,-2201.23
983,983,38,wood,urban,0.17,40583.00,0.90,6391.82,wood-urban,5000.00,,1.00,5000.00,1391.82
984,984,12,wood,urban,0.05,24670.00,0.90,1132.35,wood-urban,5000.00,,1.00,5000.00,-3867.65
985,985,7,wood,urban,0.03,23188.00,0.90,626.08,wood-urban,5000.00,,1.00,5000.00,-4373.92
986,986,10,wood,urban,0.04,9277.00,0.90,359.02,wood-urban,5000.00,,1.00,5000.00,-4640.98
987,987,56,steel,rural,0.26,53723.00,0.80,11174.38,steel-rural,11000.00,,1.00,11000.00,174.38
988,988,3,wood,urban,0.01,9339.00,0.90,92.46,wood-urban,5000.00,,1.00,5000.00,-4907.54
989,989,53,steel,urban,0.24,34193.00,0.90,7354.91,steel-urban,9000.00,,1.00,9000.00,-1645.09
990,990,53,steel,rural,0.24,54042.00,0.80,10289.60,steel-rural,11000.00,,1.00,11000.00,-710.40
991,991,54,wood,urban,0.33,50233.00,0.90,14964.41,wood-urban,5000.00,,1.00,5000.00,9964.41
992,992,22,steel,urban,0.09,30087.00,0.90,2491.20,steel-urban,9000.00,,1.00,9000.00,-6508.80
993,993,47,wood,urban,0.25,39707.00,0.90,8862.60,wood-urban,5000.00,,1.00,5000.00,3862.60
994,994,25,wood,urban,0.11,22844.00,0.90,2199.88,wood-urban,5000.00,,1.00,5000.00,-2800.12
995,995,18,wood,urban,0.08,32016.00,0.90,2189.89,wood-urban,5000.00,,1.00,5000.00,-2810.11
996,996,48,wood,rural,0.26,48469.00,0.80,9965.23,wood-rural,6000.00,,1.00,6000.00,3965.23
997,997,13,wood,rural,0.06,35983.00,0.80,1612.04,wood-rural,6000.00,,1.00,6000.00,-4387.96
998,998,12,steel,urban,0.05,13995.00,0.90,629.77,steel-urban,9000.00,,1.00,9000.00,-8370.23
999,999,15,wood,urban,0.06,22767.00,0.90,1290.89,wood-urban,5000.00,,1.00,5000.00,-3709.11
1000,1000,24,wood,urban,0.10,25357.00,0.90,2350.59,wood-urban,5000.00,,1.00,5000.00,-2649.41
201,201,16,concrete,urban,0.07,30821.00,0.90,1830.77,concrete-urban,12000.00,1.00,1.00,12000.00,-10169.23
637,637,34,steel,urban,0.14,38140.00,0.90,4908.62,steel-urban,9000.00,1.00,1.00,9000.00,-4091.38
250,250,36,wood,rural,0.16,45317.00,0.80,5873.08,wood-rural,6000.00,1.60,1.60,9600.00,-3726.92
576,576,48,wood,rural,0.26,48007.00,0.80,9947.05,wood-rural,6000.00,1.60,1.60,9600.00,347.05
767,767,8,wood,urban,0.04,24839.00,0.90,782.43,wood-urban,5000.00,1.60,1.60,8000.00,-7217.57
906,906,49,wood,rural,0.27,53758.00,0.80,11611.73,wood-rural,6000.00,1.60,1.60,9600.00,2011.73
143,143,58,steel,urban,0.27,37220.00,0.90,9144.95,steel-urban,9000.00,2.80,2.80,25200.00,-16055.05
430,430,44,wood,rural,0.22,48205.00,0.80,8445.52,wood-rural,6000.00,2.80,2.80,16800.00,-8354.48